"lean_dem","strong_dem","weak_dem","dem","lean_rep","strong_rep","weak_rep","rep","neutral_task","rep_task","dem_task","wage_ask","condition_copart","condition_counter","condition_neutral","grade","num_answers","benefit_score","integrity_score","work_for_score","educ_score","exp_score","male","age","less_than_45","time","wave","task_type"
0,0,1,1,0,0,0,0,0,1,0,3,0,1,0,1,1,4,4,5,4,2,0,1,1,248.136,"wave two","rep"
1,0,0,1,0,0,0,0,0,1,0,2,0,1,0,3,4,4,4,5,6,2,0,2,1,968.469,"wave two","rep"
1,0,0,1,0,0,0,0,0,1,0,3,0,1,0,0,0,3,2,3,3,2,0,1,1,264.7,"wave two","rep"
0,1,0,1,0,0,0,0,1,0,0,3,0,0,1,5,5,4,4,4,6,3,0,2,1,232.007,"wave two","neutral"
0,0,0,0,0,0,1,1,0,0,1,5,0,1,0,9,24,4,NA,4,5,2,0,4,0,38.428,"wave two","dem"
0,1,0,1,0,0,0,0,0,0,1,3,1,0,0,5,6,2,2,3,5,3,0,3,0,247.972,"wave two","dem"
0,1,0,1,0,0,0,0,0,0,1,3,1,0,0,1,1,5,5,5,4,1,0,1,1,315.082,"wave two","dem"
1,0,0,1,0,0,0,0,0,0,1,3,1,0,0,3,5,5,4,5,3,3,0,1,1,282.61,"wave two","dem"
0,0,0,0,1,0,0,1,1,0,0,5,0,0,1,4,4,3,3,4,6,2,1,3,0,397.433,"wave two","neutral"
0,0,0,0,1,0,0,1,1,0,0,3,0,0,1,9,11,4,5,5,5,2,0,4,0,503.334,"wave two","neutral"
1,0,0,1,0,0,0,0,0,1,0,3,0,1,0,6,6,3,4,4,2,2,1,1,1,430.705,"wave two","rep"
1,0,0,1,0,0,0,0,1,0,0,5,0,0,1,9,13,4,4,4,5,3,0,2,1,591.777,"wave two","neutral"
0,1,0,1,0,0,0,0,0,1,0,2,0,1,0,1,1,5,5,5,5,4,0,2,1,458.334,"wave two","rep"
0,0,1,1,0,0,0,0,1,0,0,1.5,0,0,1,1,1,3,3,2,3,1,1,1,1,136.274,"wave two","neutral"
0,0,0,0,1,0,0,1,0,0,1,5,0,1,0,6,10,4,3,3,5,3,1,1,1,451.422,"wave two","dem"
0,1,0,1,0,0,0,0,0,1,0,3,0,1,0,4,6,4,3,4,5,2,0,2,1,408.99,"wave two","rep"
1,0,0,1,0,0,0,0,1,0,0,200,0,0,1,7,12,4,5,4,5,2,0,1,1,1802.778,"wave two","neutral"
0,1,0,1,0,0,0,0,0,1,0,3,0,1,0,8,10,5,5,5,5,2,0,1,1,834.086,"wave two","rep"
0,0,0,0,1,0,0,1,0,0,1,3,0,1,0,5,5,5,4,4,5,3,1,1,1,448.747,"wave two","dem"
0,0,0,0,0,0,1,1,1,0,0,2,0,0,1,2,2,3,4,4,6,3,1,2,1,444.835,"wave two","neutral"
0,1,0,1,0,0,0,0,1,0,0,3,0,0,1,4,5,5,5,5,5,2,0,2,1,528.158,"wave two","neutral"
0,0,0,0,1,0,0,1,0,0,1,3,0,1,0,8,14,5,4,4,2,3,0,2,1,1389.236,"wave two","dem"
0,1,0,1,0,0,0,0,0,0,1,2,1,0,0,8,8,5,5,5,5,4,0,1,1,612.63,"wave two","dem"
1,0,0,1,0,0,0,0,0,1,0,3,0,1,0,8,9,3,3,2,6,2,0,2,1,346.455,"wave two","rep"
1,0,0,1,0,0,0,0,0,0,1,3,1,0,0,2,3,4,5,5,5,2,1,1,1,266.132,"wave two","dem"
0,1,0,1,0,0,0,0,1,0,0,5,0,0,1,4,5,5,5,5,5,2,0,2,1,164.339,"wave two","neutral"
0,0,1,1,0,0,0,0,0,1,0,4,0,1,0,8,10,3,4,4,5,3,1,2,1,786.761,"wave two","rep"
0,0,0,0,1,0,0,1,0,1,0,5,1,0,0,9,9,4,4,3,5,1,0,2,1,240.083,"wave two","rep"
0,1,0,1,0,0,0,0,1,0,0,3,0,0,1,2,2,5,5,5,3,2,1,2,1,221.58,"wave two","neutral"
0,0,0,0,0,1,0,1,1,0,0,3,0,0,1,6,7,3,4,5,3,2,1,1,1,695.594,"wave two","neutral"
0,0,0,0,1,0,0,1,0,1,0,200,1,0,0,5,5,4,3,3,5,2,1,2,1,1136.092,"wave two","rep"
0,0,1,1,0,0,0,0,1,0,0,3,0,0,1,9,11,3,3,3,6,3,1,2,1,420.116,"wave two","neutral"
1,0,0,1,0,0,0,0,1,0,0,3,0,0,1,7,7,3,4,2,3,2,1,1,1,1022.665,"wave two","neutral"
1,0,0,1,0,0,0,0,1,0,0,2,0,0,1,9,11,4,4,4,5,2,1,2,1,471.358,"wave two","neutral"
0,0,1,1,0,0,0,0,0,1,0,4,0,1,0,8,9,4,3,3,3,2,0,2,1,931.919,"wave two","rep"
0,0,0,0,0,0,1,1,0,0,1,1,0,1,0,9,11,4,4,3,3,1,0,3,0,521.993,"wave two","dem"
0,0,0,0,1,0,0,1,0,0,1,3,0,1,0,7,11,5,4,4,3,2,0,2,1,791.352,"wave two","dem"
1,0,0,1,0,0,0,0,0,0,1,4,1,0,0,9,10,3,3,3,3,2,1,2,1,428.264,"wave two","dem"
0,0,0,0,0,1,0,1,0,0,1,5,0,1,0,4,4,5,5,5,5,1,0,1,1,1083.475,"wave two","dem"
1,0,0,1,0,0,0,0,0,0,1,3,1,0,0,0,0,5,5,5,3,1,1,2,1,1138.045,"wave two","dem"
0,0,0,0,1,0,0,1,1,0,0,5,0,0,1,9,11,5,3,4,6,3,0,2,1,506.243,"wave two","neutral"
0,1,0,1,0,0,0,0,1,0,0,3,0,0,1,5,6,4,4,4,5,4,0,2,1,276.865,"wave two","neutral"
1,0,0,1,0,0,0,0,1,0,0,5,0,0,1,6,11,5,1,5,3,4,0,2,1,685.835,"wave two","neutral"
0,1,0,1,0,0,0,0,0,0,1,1,1,0,0,4,5,5,5,5,3,1,0,2,1,723.573,"wave two","dem"
1,0,0,1,0,0,0,0,1,0,0,4,0,0,1,6,10,3,3,3,6,1,1,1,1,17324.557,"wave two","neutral"
0,0,1,1,0,0,0,0,0,0,1,3,1,0,0,0,0,4,4,4,5,2,1,2,1,247.415,"wave two","dem"
0,1,0,1,0,0,0,0,0,0,1,3,1,0,0,3,3,4,4,4,4,2,1,1,1,212.749,"wave two","dem"
0,0,0,0,0,1,0,1,0,0,1,100,0,1,0,6,6,4,4,4,3,1,0,3,0,561.223,"wave two","dem"
0,0,1,1,0,0,0,0,0,1,0,1,0,1,0,0,1,5,4,4,4,2,1,2,1,113.987,"wave two","rep"
1,0,0,1,0,0,0,0,0,1,0,2,0,1,0,8,9,4,4,4,5,4,1,1,1,630.111,"wave two","rep"
0,0,1,1,0,0,0,0,1,0,0,2,0,0,1,6,7,4,4,4,6,2,0,1,1,340.707,"wave two","neutral"
0,0,0,0,0,1,0,1,1,0,0,3,0,0,1,9,15,2,3,2,6,1,1,4,0,741.906,"wave two","neutral"
1,0,0,1,0,0,0,0,1,0,0,4,0,0,1,10,12,4,4,4,5,4,1,1,1,509.543,"wave two","neutral"
0,0,0,0,0,0,1,1,1,0,0,3,0,0,1,7,7,4,3,2,6,2,1,1,1,747.137,"wave two","neutral"
1,0,0,1,0,0,0,0,1,0,0,3,0,0,1,2,2,4,4,4,5,3,1,1,1,219.378,"wave two","neutral"
1,0,0,1,0,0,0,0,1,0,0,5,0,0,1,9,9,4,4,4,5,3,1,2,1,639.245,"wave two","neutral"
0,0,0,0,1,0,0,1,0,0,1,3,0,1,0,9,11,3,3,3,5,2,1,4,0,1064.037,"wave two","dem"
0,1,0,1,0,0,0,0,0,1,0,3,0,1,0,1,1,3,3,3,2,1,0,2,1,190.806,"wave two","rep"
0,0,0,0,1,0,0,1,1,0,0,3,0,0,1,3,3,2,3,3,5,2,1,1,1,522.877,"wave two","neutral"
1,0,0,1,0,0,0,0,0,1,0,3,0,1,0,5,6,4,5,5,3,2,1,1,1,333.737,"wave two","rep"
0,0,0,0,0,1,0,1,0,0,1,4,0,1,0,9,13,5,4,4,6,4,1,1,1,277.544,"wave two","dem"
1,0,0,1,0,0,0,0,1,0,0,2,0,0,1,2,2,5,5,4,4,3,1,2,1,147.851,"wave two","neutral"
0,0,0,0,0,1,0,1,1,0,0,3,0,0,1,11,19,5,5,5,5,2,0,4,0,2348.261,"wave two","neutral"
1,0,0,1,0,0,0,0,0,1,0,5,0,1,0,5,7,3,3,2,5,2,1,1,1,715.485,"wave two","rep"
0,0,1,1,0,0,0,0,0,0,1,3,1,0,0,4,4,3,4,3,2,1,1,1,1,231.285,"wave two","dem"
1,0,0,1,0,0,0,0,0,1,0,3,0,1,0,7,7,5,5,4,5,4,0,1,1,264.758,"wave two","rep"
1,0,0,1,0,0,0,0,0,0,1,3,1,0,0,1,1,4,4,4,4,2,0,1,1,134.906,"wave two","dem"
0,0,0,0,0,0,1,1,0,1,0,3,1,0,0,7,10,3,3,2,5,2,1,2,1,824.519,"wave two","rep"
0,1,0,1,0,0,0,0,0,0,1,5,1,0,0,9,12,4,4,5,4,1,0,2,1,1052.983,"wave two","dem"
0,0,0,0,1,0,0,1,0,0,1,3,0,1,0,9,9,3,3,3,5,2,0,4,0,355.665,"wave two","dem"
1,0,0,1,0,0,0,0,0,1,0,5,0,1,0,9,13,3,3,3,5,1,1,2,1,1915.369,"wave two","rep"
0,0,0,0,0,0,1,1,0,1,0,5,1,0,0,7,13,3,3,5,5,1,0,4,0,3000.713,"wave two","rep"
1,0,0,1,0,0,0,0,0,1,0,3,0,1,0,1,2,5,5,5,5,2,1,2,1,549.804,"wave two","rep"
0,0,0,0,1,0,0,1,0,0,1,2,0,1,0,8,9,5,3,4,4,2,0,2,1,682.478,"wave two","dem"
0,1,0,1,0,0,0,0,0,1,0,2,0,1,0,3,5,4,4,4,3,3,0,2,1,54182.586,"wave two","rep"
0,0,0,0,1,0,0,1,1,0,0,2,0,0,1,2,2,4,5,4,2,2,0,3,0,560.793,"wave two","neutral"
0,0,1,1,0,0,0,0,0,1,0,5,0,1,0,10,16,1,2,1,5,1,0,2,1,2488.68,"wave two","rep"
1,0,0,1,0,0,0,0,0,1,0,3,0,1,0,7,8,5,3,4,3,2,1,1,1,477.704,"wave two","rep"
0,1,0,1,0,0,0,0,1,0,0,3,0,0,1,4,7,4,3,3,5,3,0,1,1,740.376,"wave two","neutral"
1,0,0,1,0,0,0,0,0,1,0,3,0,1,0,9,11,4,4,3,4,2,0,3,0,1230.474,"wave two","rep"
0,1,0,1,0,0,0,0,1,0,0,3,0,0,1,9,14,3,4,4,5,3,0,1,1,391.757,"wave two","neutral"
0,1,0,1,0,0,0,0,1,0,0,3,0,0,1,6,9,4,5,4,6,3,0,2,1,502.764,"wave two","neutral"
0,0,1,1,0,0,0,0,0,1,0,3,0,1,0,7,9,3,3,2,5,1,0,2,1,1022.8,"wave two","rep"
1,0,0,1,0,0,0,0,1,0,0,4,0,0,1,9,13,4,4,4,4,2,0,2,1,1412.064,"wave two","neutral"
0,0,0,0,1,0,0,1,0,1,0,15,1,0,0,9,11,5,5,5,6,3,0,2,1,1152.883,"wave two","rep"
0,1,0,1,0,0,0,0,1,0,0,3,0,0,1,4,6,4,4,4,6,2,0,2,1,476.764,"wave two","neutral"
1,0,0,1,0,0,0,0,0,1,0,3,0,1,0,9,10,3,3,2,3,1,1,1,1,366.062,"wave two","rep"
0,0,0,0,0,1,0,1,0,0,1,2,0,1,0,11,20,5,4,4,4,2,0,3,0,917.382,"wave two","dem"
0,0,0,0,1,0,0,1,0,1,0,3,1,0,0,0,0,4,4,4,2,2,1,2,1,98.266,"wave two","rep"
0,0,0,0,1,0,0,1,0,1,0,3,1,0,0,8,9,4,4,4,5,2,0,4,0,1244.318,"wave two","rep"
1,0,0,1,0,0,0,0,1,0,0,2,0,0,1,6,7,4,4,4,3,2,1,1,1,369.152,"wave two","neutral"
0,1,0,1,0,0,0,0,0,0,1,3,1,0,0,0,0,5,4,5,5,4,0,1,1,523.543,"wave two","dem"
0,0,1,1,0,0,0,0,0,0,1,3,1,0,0,3,5,3,4,4,3,1,0,4,0,752.544,"wave two","dem"
0,0,1,1,0,0,0,0,0,1,0,150,0,1,0,4,5,4,2,3,2,2,0,4,0,677.181,"wave two","rep"
0,0,1,1,0,0,0,0,0,1,0,3,0,1,0,3,3,4,4,4,5,1,1,2,1,2742.493,"wave two","rep"
1,0,0,1,0,0,0,0,0,0,1,3,1,0,0,4,6,4,4,4,2,2,0,1,1,606.143,"wave two","dem"
0,0,0,0,1,0,0,1,0,0,1,3,0,1,0,6,6,2,3,3,5,1,1,1,1,605.415,"wave two","dem"
0,0,1,1,0,0,0,0,0,1,0,3,0,1,0,6,6,3,2,3,5,1,0,2,1,1346.683,"wave two","rep"
0,1,0,1,0,0,0,0,0,0,1,2,1,0,0,2,2,4,4,3,3,2,1,1,1,317.851,"wave two","dem"
0,1,0,1,0,0,0,0,0,1,0,3,0,1,0,7,7,3,3,3,4,2,0,2,1,373.7,"wave two","rep"
0,0,0,0,0,1,0,1,0,1,0,3,1,0,0,5,9,3,4,3,3,2,1,2,1,554.527,"wave two","rep"
0,1,0,1,0,0,0,0,0,1,0,3,0,1,0,10,15,4,3,4,5,4,0,1,1,990.157,"wave two","rep"
1,0,0,1,0,0,0,0,0,1,0,5,0,1,0,10,14,3,3,2,6,2,0,3,0,661.798,"wave two","rep"
1,0,0,1,0,0,0,0,1,0,0,4,0,0,1,0,0,5,5,4,3,4,1,1,1,23.187,"wave two","neutral"
0,0,1,1,0,0,0,0,1,0,0,3,0,0,1,4,4,5,5,5,3,2,0,1,1,416.052,"wave two","neutral"
0,1,0,1,0,0,0,0,1,0,0,2,0,0,1,0,1,4,3,4,3,4,1,2,1,70.219,"wave two","neutral"
0,0,1,1,0,0,0,0,1,0,0,3,0,0,1,3,3,5,5,4,5,1,1,1,1,692.195,"wave two","neutral"
0,0,0,0,1,0,0,1,0,0,1,3,0,1,0,4,4,5,5,5,3,2,0,2,1,620.896,"wave two","dem"
0,0,1,1,0,0,0,0,1,0,0,3,0,0,1,7,7,4,5,5,3,1,0,1,1,511.238,"wave two","neutral"
0,0,0,0,0,1,0,1,0,0,1,3,0,1,0,9,11,3,3,2,5,2,0,2,1,1196.422,"wave two","dem"
1,0,0,1,0,0,0,0,0,0,1,3,1,0,0,4,4,4,4,4,2,2,0,1,1,420.978,"wave two","dem"
0,1,0,1,0,0,0,0,0,0,1,3,1,0,0,8,17,4,4,3,6,4,1,1,1,1237.819,"wave two","dem"
0,0,0,0,0,0,1,1,0,0,1,8,0,1,0,7,8,4,4,4,5,1,0,4,0,1200.134,"wave two","dem"
0,1,0,1,0,0,0,0,0,1,0,3,0,1,0,7,7,3,3,3,2,1,0,2,1,423.379,"wave two","rep"
0,1,0,1,0,0,0,0,0,0,1,2.5,1,0,0,7,7,4,5,5,3,1,0,1,1,628.57,"wave two","dem"
1,0,0,1,0,0,0,0,0,1,0,3,0,1,0,4,5,4,4,5,5,2,0,2,1,459.065,"wave two","rep"
1,0,0,1,0,0,0,0,1,0,0,3,0,0,1,5,6,4,4,3,5,3,1,1,1,502.121,"wave two","neutral"
1,0,0,1,0,0,0,0,1,0,0,4,0,0,1,6,7,4,4,3,3,1,1,2,1,683.242,"wave two","neutral"
0,0,1,1,0,0,0,0,0,0,1,5,1,0,0,4,7,3,4,4,4,2,0,1,1,2329.45,"wave two","dem"
0,0,0,0,0,1,0,1,1,0,0,3,0,0,1,5,5,4,4,4,5,2,0,3,0,372.426,"wave two","neutral"
0,0,0,0,0,0,1,1,0,1,0,2,1,0,0,0,0,3,4,3,5,2,1,1,1,83.332,"wave two","rep"
0,0,0,0,1,0,0,1,0,0,1,3,0,1,0,0,0,5,5,4,2,2,1,1,1,105.3,"wave two","dem"
0,1,0,1,0,0,0,0,0,1,0,2,0,1,0,2,2,5,5,5,5,4,0,2,1,7423.905,"wave two","rep"
1,0,0,1,0,0,0,0,0,1,0,3,0,1,0,6,6,4,3,4,4,3,0,2,1,598.295,"wave two","rep"
0,0,0,0,1,0,0,1,0,1,0,5,1,0,0,8,15,4,3,2,3,4,0,1,1,548.023,"wave two","rep"
0,0,0,0,1,0,0,1,1,0,0,3,0,0,1,2,2,4,4,4,2,1,0,2,1,228.435,"wave two","neutral"
0,0,0,0,0,0,1,1,0,1,0,2,1,0,0,0,0,4,5,4,5,3,0,2,1,431.888,"wave two","rep"
0,1,0,1,0,0,0,0,1,0,0,3,0,0,1,5,5,4,4,3,6,3,0,2,1,383.109,"wave two","neutral"
0,0,0,0,1,0,0,1,0,0,1,3,0,1,0,7,7,4,5,4,5,2,1,1,1,479.626,"wave two","dem"
0,0,0,0,1,0,0,1,0,1,0,3,1,0,0,5,6,5,5,5,5,3,0,1,1,1396.107,"wave two","rep"
0,1,0,1,0,0,0,0,0,0,1,3,1,0,0,5,5,3,4,4,5,1,1,1,1,379.972,"wave two","dem"
0,1,0,1,0,0,0,0,0,1,0,4,0,1,0,7,8,4,4,3,3,2,0,2,1,3218.349,"wave two","rep"
0,1,0,1,0,0,0,0,0,0,1,5,1,0,0,0,0,3,3,4,2,1,0,4,0,228.223,"wave two","dem"
1,0,0,1,0,0,0,0,1,0,0,3,0,0,1,2,2,4,5,5,3,4,1,1,1,246.33,"wave two","neutral"
0,0,0,0,1,0,0,1,0,1,0,3,1,0,0,2,2,5,3,2,3,4,0,1,1,237.726,"wave two","rep"
1,0,0,1,0,0,0,0,1,0,0,3,0,0,1,9,9,4,4,3,5,4,0,2,1,503.893,"wave two","neutral"
1,0,0,1,0,0,0,0,1,0,0,2,0,0,1,1,1,5,5,5,4,1,1,1,1,240.003,"wave two","neutral"
1,0,0,1,0,0,0,0,0,0,1,3,1,0,0,5,5,5,4,4,6,3,1,2,1,1238.77,"wave two","dem"
0,0,0,0,1,0,0,1,0,1,0,4,1,0,0,5,5,3,4,3,3,2,1,3,0,776.7,"wave two","rep"
0,1,0,1,0,0,0,0,1,0,0,5,0,0,1,5,5,4,5,5,3,3,0,1,1,612.589,"wave two","neutral"
0,0,1,1,0,0,0,0,1,0,0,3,0,0,1,4,5,5,5,5,4,2,0,4,0,746.959,"wave two","neutral"
0,0,0,0,1,0,0,1,0,0,1,3,0,1,0,5,6,4,4,4,4,2,1,2,1,546.484,"wave two","dem"
1,0,0,1,0,0,0,0,0,1,0,1.5,0,1,0,6,6,4,4,4,5,2,1,1,1,384.508,"wave two","rep"
1,0,0,1,0,0,0,0,1,0,0,9,0,0,1,9,10,2,3,2,5,2,1,1,1,535.427,"wave two","neutral"
0,0,0,0,0,0,1,1,0,1,0,3,1,0,0,4,7,5,5,5,3,2,0,2,1,530.363,"wave two","rep"
0,0,0,0,1,0,0,1,0,0,1,3,0,1,0,4,4,4,4,4,5,2,1,2,1,179.421,"wave two","dem"
0,0,0,0,0,1,0,1,0,0,1,3,0,1,0,0,0,5,4,4,2,2,0,3,0,175.809,"wave two","dem"
1,0,0,1,0,0,0,0,0,0,1,3,1,0,0,1,1,4,4,5,2,2,0,2,1,389.248,"wave two","dem"
0,1,0,1,0,0,0,0,1,0,0,5,0,0,1,6,6,5,5,5,4,3,0,2,1,3850.264,"wave two","neutral"
0,0,0,0,1,0,0,1,1,0,0,3,0,0,1,8,9,3,3,3,3,1,0,4,0,1690.422,"wave two","neutral"
1,0,0,1,0,0,0,0,1,0,0,3,0,0,1,8,10,4,3,4,3,2,1,1,1,1201.768,"wave two","neutral"
1,0,0,1,0,0,0,0,0,0,1,3,1,0,0,3,3,4,5,4,3,1,1,1,1,313.021,"wave two","dem"
0,1,0,1,0,0,0,0,0,0,1,4,1,0,0,0,0,4,4,4,6,2,1,2,1,89.407,"wave two","dem"
0,0,0,0,0,0,1,1,0,0,1,2.5,0,1,0,3,3,3,4,4,2,1,1,4,0,455.341,"wave two","dem"
0,1,0,1,0,0,0,0,1,0,0,3,0,0,1,4,5,3,4,3,4,3,0,1,1,434.048,"wave two","neutral"
0,1,0,1,0,0,0,0,0,0,1,6,1,0,0,10,14,4,4,4,3,4,0,4,0,1137.509,"wave two","dem"
0,0,0,0,0,0,1,1,0,1,0,3,1,0,0,5,6,4,5,4,5,1,0,2,1,510.181,"wave two","rep"
1,0,0,1,0,0,0,0,0,1,0,4,0,1,0,3,3,5,4,4,6,2,1,2,1,299.536,"wave two","rep"
1,0,0,1,0,0,0,0,1,0,0,4,0,0,1,3,3,5,5,4,3,4,1,1,1,126.974,"wave two","neutral"
1,0,0,1,0,0,0,0,0,0,1,5,1,0,0,2,3,3,3,3,2,2,0,2,1,387.879,"wave two","dem"
0,1,0,1,0,0,0,0,0,0,1,3,1,0,0,1,1,4,4,5,4,2,0,2,1,335.067,"wave two","dem"
0,1,0,1,0,0,0,0,1,0,0,3,0,0,1,3,3,4,3,3,2,2,0,1,1,458.858,"wave two","neutral"
0,0,1,1,0,0,0,0,0,0,1,3,1,0,0,8,9,4,4,4,5,3,1,2,1,1201.267,"wave two","dem"
1,0,0,1,0,0,0,0,1,0,0,4,0,0,1,10,13,3,2,3,5,3,0,2,1,2083.415,"wave two","neutral"
0,1,0,1,0,0,0,0,0,1,0,2,0,1,0,6,6,3,4,4,3,3,0,1,1,548.179,"wave two","rep"
0,0,0,0,1,0,0,1,0,1,0,2,1,0,0,5,7,4,4,4,3,2,1,2,1,428.023,"wave two","rep"
1,0,0,1,0,0,0,0,1,0,0,5,0,0,1,8,9,5,4,4,1,2,0,1,1,350.882,"wave two","neutral"
0,0,0,0,1,0,0,1,1,0,0,3,0,0,1,7,9,5,3,2,4,2,1,2,1,655.46,"wave two","neutral"
0,0,1,1,0,0,0,0,0,0,1,3,1,0,0,0,1,4,4,4,3,2,1,2,1,559.33,"wave two","dem"
0,1,0,1,0,0,0,0,1,0,0,3,0,0,1,4,4,3,5,5,3,1,0,1,1,288.499,"wave two","neutral"
0,0,0,0,0,1,0,1,0,0,1,2,0,1,0,0,0,5,4,4,4,2,0,1,1,124.647,"wave two","dem"
0,0,0,0,1,0,0,1,1,0,0,3,0,0,1,1,2,3,4,3,3,2,1,1,1,565.609,"wave two","neutral"
0,0,0,0,1,0,0,1,1,0,0,3,0,0,1,9,14,4,3,1,3,3,0,1,1,2050.638,"wave two","neutral"
0,0,0,0,1,0,0,1,0,0,1,3,0,1,0,4,5,4,3,3,2,2,0,1,1,594.412,"wave two","dem"
0,1,0,1,0,0,0,0,0,1,0,5,0,1,0,8,9,5,5,5,2,4,0,2,1,1167.825,"wave two","rep"
0,1,0,1,0,0,0,0,0,1,0,3,0,1,0,2,2,5,5,5,5,3,1,1,1,217.291,"wave two","rep"
0,0,0,0,0,1,0,1,0,0,1,3,0,1,0,4,6,5,5,5,3,2,1,1,1,1504.809,"wave two","dem"
1,0,0,1,0,0,0,0,0,1,0,3,0,1,0,3,3,3,3,4,3,2,1,2,1,274.738,"wave two","rep"
0,0,0,0,1,0,0,1,1,0,0,3,0,0,1,6,8,3,3,2,4,2,1,4,0,874.704,"wave two","neutral"
0,0,0,0,1,0,0,1,1,0,0,3,0,0,1,2,3,5,5,5,5,2,1,1,1,129.044,"wave two","neutral"
0,0,1,1,0,0,0,0,0,0,1,3,1,0,0,9,10,4,3,2,3,4,1,1,1,409.241,"wave two","dem"
0,1,0,1,0,0,0,0,0,0,1,2,1,0,0,6,6,4,4,3,3,2,1,1,1,423.003,"wave two","dem"
0,0,0,0,1,0,0,1,0,1,0,200,1,0,0,3,3,5,4,4,3,4,0,4,0,1022.464,"wave two","rep"
0,0,1,1,0,0,0,0,0,0,1,3,1,0,0,3,4,4,4,4,5,2,0,1,1,482.558,"wave two","dem"
0,0,0,0,0,1,0,1,0,0,1,3,0,1,0,3,3,4,5,5,5,2,1,1,1,1394.024,"wave two","dem"
0,0,0,0,1,0,0,1,1,0,0,5,0,0,1,10,36,3,5,3,5,2,1,2,1,2192.036,"wave two","neutral"
1,0,0,1,0,0,0,0,0,0,1,3,1,0,0,10,11,5,5,5,3,1,0,1,1,862.712,"wave two","dem"
1,0,0,1,0,0,0,0,0,1,0,3,0,1,0,4,4,3,4,3,5,3,0,1,1,297.435,"wave two","rep"
0,1,0,1,0,0,0,0,0,1,0,3,0,1,0,8,9,3,3,3,4,2,0,1,1,347.593,"wave two","rep"
0,0,0,0,1,0,0,1,0,1,0,3,1,0,0,6,7,4,4,5,4,1,0,2,1,353.686,"wave two","rep"
0,0,1,1,0,0,0,0,0,0,1,3,1,0,0,3,3,4,4,4,5,4,1,1,1,445.401,"wave two","dem"
0,0,0,0,1,0,0,1,1,0,0,3,0,0,1,8,9,3,3,3,5,3,1,1,1,494.222,"wave two","neutral"
0,0,0,0,0,0,1,1,1,0,0,3,0,0,1,9,14,4,5,5,6,2,1,2,1,765.296,"wave two","neutral"
1,0,0,1,0,0,0,0,0,0,1,3,1,0,0,3,4,5,4,4,5,2,1,1,1,271.198,"wave two","dem"
0,1,0,1,0,0,0,0,1,0,0,4,0,0,1,10,49,3,2,3,3,3,1,1,1,27573.08,"wave two","neutral"
0,0,1,1,0,0,0,0,1,0,0,3,0,0,1,8,19,2,2,3,3,1,1,1,1,694.287,"wave two","neutral"
0,1,0,1,0,0,0,0,0,0,1,3,1,0,0,3,4,5,5,5,4,2,0,2,1,669.502,"wave two","dem"
0,0,0,0,0,0,1,1,1,0,0,4,0,0,1,7,8,4,4,3,3,2,1,1,1,410.883,"wave two","neutral"
0,1,0,1,0,0,0,0,0,0,1,3,1,0,0,5,5,4,3,2,2,1,1,1,1,1088.732,"wave two","dem"
0,0,0,0,1,0,0,1,0,0,1,3,0,1,0,7,7,3,3,3,5,4,0,2,1,519.341,"wave two","dem"
0,0,0,0,1,0,0,1,1,0,0,3,0,0,1,8,10,5,4,4,3,1,1,1,1,503.445,"wave two","neutral"
1,0,0,1,0,0,0,0,1,0,0,3,0,0,1,6,14,3,4,1,5,2,1,1,1,931.321,"wave two","neutral"
0,0,1,1,0,0,0,0,1,0,0,3,0,0,1,5,5,3,2,3,5,2,1,1,1,421.771,"wave two","neutral"
1,0,0,1,0,0,0,0,0,1,0,2,0,1,0,6,6,3,4,3,4,2,1,1,1,510.332,"wave two","rep"
0,0,0,0,1,0,0,1,0,0,1,5,0,1,0,4,8,5,3,4,5,1,1,3,0,1383.105,"wave two","dem"
0,0,0,0,1,0,0,1,1,0,0,3,0,0,1,1,4,3,3,1,3,2,1,1,1,471.511,"wave two","neutral"
0,1,0,1,0,0,0,0,0,0,1,3,1,0,0,9,12,3,3,3,6,1,0,3,0,1491.352,"wave two","dem"
0,0,1,1,0,0,0,0,1,0,0,3,0,0,1,8,8,5,4,3,3,4,1,1,1,517.604,"wave two","neutral"
0,1,0,1,0,0,0,0,0,0,1,3,1,0,0,2,2,5,5,5,6,4,1,1,1,248.22,"wave two","dem"
0,1,0,1,0,0,0,0,0,0,1,3,1,0,0,6,8,3,3,1,3,2,0,1,1,506.679,"wave two","dem"
0,0,1,1,0,0,0,0,1,0,0,5,0,0,1,9,10,4,4,3,5,4,0,2,1,425.221,"wave two","neutral"
0,0,1,1,0,0,0,0,1,0,0,5,0,0,1,7,8,4,4,4,2,3,0,3,0,343.206,"wave two","neutral"
0,0,0,0,1,0,0,1,0,1,0,3,1,0,0,3,3,5,4,4,5,2,0,2,1,439.735,"wave two","rep"
1,0,0,1,0,0,0,0,0,0,1,4,1,0,0,7,7,5,5,5,5,1,1,1,1,394.832,"wave two","dem"
1,0,0,1,0,0,0,0,0,0,1,1,1,0,0,1,1,5,4,5,3,3,0,2,1,110.004,"wave two","dem"
1,0,0,1,0,0,0,0,0,1,0,3,0,1,0,5,12,2,3,2,5,2,0,2,1,1905.117,"wave two","rep"
0,1,0,1,0,0,0,0,1,0,0,350,0,0,1,10,17,4,4,3,3,2,0,3,0,938.886,"wave two","neutral"
1,0,0,1,0,0,0,0,0,1,0,3,0,1,0,5,5,4,4,3,3,2,1,2,1,264.46,"wave two","rep"
0,0,0,0,0,1,0,1,0,1,0,3,1,0,0,3,4,5,5,4,2,2,0,1,1,312.188,"wave two","rep"
0,1,0,1,0,0,0,0,0,1,0,3,0,1,0,9,9,5,3,3,6,2,0,2,1,777.576,"wave two","rep"
0,0,1,1,0,0,0,0,0,1,0,3,0,1,0,8,9,4,5,4,5,2,0,1,1,896.31,"wave two","rep"
0,1,0,1,0,0,0,0,0,0,1,3,1,0,0,5,5,4,4,5,3,2,0,2,1,446.296,"wave two","dem"
1,0,0,1,0,0,0,0,1,0,0,3,0,0,1,3,3,3,3,4,5,3,1,2,1,125.324,"wave two","neutral"
0,0,1,1,0,0,0,0,1,0,0,3,0,0,1,7,10,3,3,2,5,2,0,2,1,714.712,"wave two","neutral"
0,0,0,0,0,0,1,1,1,0,0,3,0,0,1,8,14,3,3,4,4,2,1,2,1,1900.653,"wave two","neutral"
0,0,1,1,0,0,0,0,0,1,0,3,0,1,0,8,15,4,4,2,2,2,1,1,1,820.975,"wave two","rep"
0,0,0,0,1,0,0,1,0,1,0,3,1,0,0,2,2,4,4,4,3,1,0,2,1,425.166,"wave two","rep"
0,1,0,1,0,0,0,0,0,0,1,4,1,0,0,2,6,3,3,4,4,2,1,1,1,279.603,"wave two","dem"
0,0,0,0,1,0,0,1,1,0,0,5,0,0,1,5,7,5,5,5,3,3,1,2,1,381.084,"wave two","neutral"
1,0,0,1,0,0,0,0,0,0,1,3,1,0,0,7,8,3,4,3,3,2,1,1,1,461.366,"wave two","dem"
0,1,0,1,0,0,0,0,0,1,0,4,0,1,0,0,0,4,4,4,5,4,1,1,1,680.194,"wave two","rep"
0,0,0,0,0,0,1,1,1,0,0,5,0,0,1,9,10,3,4,4,6,4,0,2,1,391.363,"wave two","neutral"
0,1,0,1,0,0,0,0,0,1,0,3,0,1,0,9,11,4,3,4,5,3,0,2,1,1005.094,"wave two","rep"
0,0,1,1,0,0,0,0,0,0,1,3,1,0,0,7,7,4,5,4,5,2,1,1,1,602.145,"wave two","dem"
0,0,0,0,0,0,1,1,0,0,1,3,0,1,0,8,8,5,4,3,6,3,1,2,1,455.518,"wave two","dem"
1,0,0,1,0,0,0,0,0,1,0,3,0,1,0,7,7,5,4,3,4,3,0,1,1,616.845,"wave two","rep"
0,0,0,0,0,1,0,1,0,0,1,2,0,1,0,5,5,5,5,5,3,4,0,4,0,301.113,"wave two","dem"
0,0,1,1,0,0,0,0,1,0,0,3,0,0,1,4,4,5,5,5,2,2,0,2,1,458.066,"wave two","neutral"
0,0,0,0,1,0,0,1,0,0,1,3,0,1,0,6,6,4,5,4,5,3,1,1,1,637.736,"wave two","dem"
0,1,0,1,0,0,0,0,0,0,1,3,1,0,0,10,12,5,4,4,5,4,0,4,0,568.481,"wave two","dem"
0,1,0,1,0,0,0,0,0,0,1,5,1,0,0,7,9,5,3,5,6,1,1,4,0,894.991,"wave two","dem"
0,1,0,1,0,0,0,0,0,0,1,3,1,0,0,10,15,3,4,3,5,2,0,2,1,836.692,"wave two","dem"
1,0,0,1,0,0,0,0,0,1,0,6,0,1,0,7,7,4,4,4,4,3,0,2,1,221.88,"wave two","rep"
0,0,0,0,0,0,1,1,0,0,1,25,0,1,0,5,6,5,5,5,4,2,1,4,0,537.493,"wave two","dem"
0,0,0,0,0,1,0,1,0,0,1,1,0,1,0,7,7,4,4,3,6,2,0,1,1,183.063,"wave two","dem"
1,0,0,1,0,0,0,0,0,1,0,3,0,1,0,5,5,3,4,4,5,2,1,2,1,8098.683,"wave two","rep"
0,1,0,1,0,0,0,0,0,0,1,3,1,0,0,8,8,4,4,3,2,1,1,1,1,1127.581,"wave two","dem"
0,0,0,0,1,0,0,1,0,0,1,4,0,1,0,0,0,5,5,5,2,1,0,1,1,38.722,"wave two","dem"
1,0,0,1,0,0,0,0,0,0,1,3,1,0,0,8,13,4,4,4,5,2,0,2,1,943.132,"wave two","dem"
0,0,0,0,0,1,0,1,1,0,0,4,0,0,1,8,11,3,3,2,5,3,0,1,1,355.173,"wave two","neutral"
1,0,0,1,0,0,0,0,1,0,0,2,0,0,1,3,3,3,4,3,6,3,0,1,1,208.028,"wave two","neutral"
0,1,0,1,0,0,0,0,1,0,0,5,0,0,1,0,0,4,4,4,3,1,1,2,1,243.399,"wave two","neutral"
0,0,1,1,0,0,0,0,1,0,0,3,0,0,1,5,5,4,4,5,5,3,0,2,1,470.453,"wave two","neutral"
0,0,1,1,0,0,0,0,0,0,1,4,1,0,0,1,2,4,4,4,4,2,1,1,1,446.298,"wave two","dem"
0,0,0,0,1,0,0,1,1,0,0,2,0,0,1,8,8,4,4,5,2,1,1,2,1,315.447,"wave two","neutral"
0,0,1,1,0,0,0,0,1,0,0,3,0,0,1,0,0,4,5,4,5,2,1,3,0,227.856,"wave two","neutral"
1,0,0,1,0,0,0,0,0,0,1,3,1,0,0,3,3,3,4,4,5,4,1,4,0,284.917,"wave two","dem"
1,0,0,1,0,0,0,0,0,1,0,3,0,1,0,11,26,4,3,4,5,2,1,2,1,1405.689,"wave two","rep"
0,0,0,0,1,0,0,1,1,0,0,3,0,0,1,6,8,4,3,3,6,3,0,2,1,2316.701,"wave two","neutral"
1,0,0,1,0,0,0,0,0,1,0,3,0,1,0,3,4,4,5,5,4,4,0,2,1,719.77,"wave two","rep"
0,1,0,1,0,0,0,0,0,0,1,3,1,0,0,9,9,3,5,5,5,4,1,3,0,1103.318,"wave two","dem"
1,0,0,1,0,0,0,0,1,0,0,35,0,0,1,6,6,4,3,4,3,3,1,2,1,614.779,"wave two","neutral"
1,0,0,1,0,0,0,0,0,1,0,3,0,1,0,5,5,4,5,5,4,2,0,1,1,490.101,"wave two","rep"
0,0,0,0,0,0,1,1,1,0,0,3,0,0,1,5,5,3,2,2,3,2,1,1,1,474.276,"wave two","neutral"
0,0,0,0,1,0,0,1,0,0,1,3,0,1,0,0,0,4,4,5,3,1,1,1,1,163.402,"wave two","dem"
1,0,0,1,0,0,0,0,1,0,0,2,0,0,1,7,8,3,3,3,5,3,1,2,1,371.313,"wave two","neutral"
0,1,0,1,0,0,0,0,0,1,0,3,0,1,0,1,1,5,5,5,3,2,1,1,1,274.491,"wave two","rep"
1,0,0,1,0,0,0,0,1,0,0,3,0,0,1,0,1,4,5,4,5,2,0,2,1,1303.32,"wave two","neutral"
0,1,0,1,0,0,0,0,0,0,1,3,1,0,0,6,7,3,5,5,2,1,1,2,1,508.409,"wave two","dem"
0,0,1,1,0,0,0,0,0,0,1,3,1,0,0,2,2,5,4,5,5,2,0,1,1,422.355,"wave two","dem"
0,0,1,1,0,0,0,0,0,1,0,3,0,1,0,9,9,4,4,4,4,2,0,2,1,441.039,"wave two","rep"
1,0,0,1,0,0,0,0,0,0,1,3,1,0,0,3,4,3,3,3,5,2,1,1,1,187.745,"wave two","dem"
0,0,0,0,0,1,0,1,0,1,0,5,1,0,0,9,14,4,4,5,3,3,0,1,1,1562.122,"wave two","rep"
0,1,0,1,0,0,0,0,1,0,0,3,0,0,1,9,10,3,3,3,5,2,1,1,1,546.162,"wave two","neutral"
0,1,0,1,0,0,0,0,0,1,0,1,0,1,0,2,2,3,4,4,6,2,1,1,1,291.984,"wave two","rep"
1,0,0,1,0,0,0,0,0,0,1,2,1,0,0,1,1,5,4,4,3,1,1,1,1,143.751,"wave two","dem"
1,0,0,1,0,0,0,0,0,1,0,3,0,1,0,8,8,4,3,2,4,2,1,1,1,307.263,"wave two","rep"
0,0,0,0,1,0,0,1,1,0,0,3,0,0,1,9,15,4,2,2,2,1,1,1,1,1025.601,"wave two","neutral"
0,0,1,1,0,0,0,0,0,0,1,2,1,0,0,1,1,5,5,5,5,1,0,1,1,0,"wave two","dem"
1,0,0,1,0,0,0,0,0,1,0,3,0,1,0,7,7,4,5,4,5,2,0,1,1,1031.806,"wave two","rep"
0,0,0,0,0,0,1,1,1,0,0,5,0,0,1,10,20,4,4,4,6,3,0,2,1,6615.705,"wave two","neutral"
1,0,0,1,0,0,0,0,1,0,0,6,0,0,1,7,12,5,4,3,2,3,1,1,1,11867.633,"wave two","neutral"
0,0,0,0,0,0,1,1,0,0,1,3,0,1,0,4,4,5,4,4,4,2,1,1,1,294.091,"wave two","dem"
0,1,0,1,0,0,0,0,0,0,1,3,1,0,0,8,8,5,5,5,5,2,0,1,1,201.392,"wave two","dem"
0,0,0,0,0,0,1,1,0,1,0,2,1,0,0,9,10,5,5,5,6,2,0,3,0,3205.55,"wave two","rep"
0,1,0,1,0,0,0,0,1,0,0,4,0,0,1,4,4,5,4,4,5,3,1,2,1,214.187,"wave two","neutral"
0,0,0,0,1,0,0,1,0,1,0,3,1,0,0,10,11,4,4,4,5,1,1,3,0,502.841,"wave two","rep"
0,0,0,0,1,0,0,1,0,0,1,5,0,1,0,4,5,4,4,4,5,1,0,3,0,871.664,"wave two","dem"
0,0,1,1,0,0,0,0,0,1,0,100,0,1,0,1,1,5,4,3,5,1,0,1,1,220.352,"wave two","rep"
1,0,0,1,0,0,0,0,0,0,1,4,1,0,0,4,4,5,4,4,6,1,0,2,1,373.361,"wave two","dem"
0,1,0,1,0,0,0,0,0,0,1,3,1,0,0,7,10,4,4,4,5,2,0,3,0,1158.252,"wave two","dem"
1,0,0,1,0,0,0,0,0,0,1,3,1,0,0,10,13,4,4,3,5,1,1,2,1,814.695,"wave two","dem"
0,1,0,1,0,0,0,0,0,0,1,3,1,0,0,11,15,4,4,3,6,1,0,3,0,761.395,"wave two","dem"
0,0,0,0,0,1,0,1,1,0,0,3,0,0,1,5,6,4,4,4,2,2,0,2,1,267.574,"wave two","neutral"
0,0,1,1,0,0,0,0,1,0,0,3,0,0,1,8,13,4,4,4,5,1,1,1,1,1042.614,"wave two","neutral"
0,1,0,1,0,0,0,0,0,1,0,5,0,1,0,4,5,5,4,4,4,4,0,2,1,949.649,"wave two","rep"
0,0,0,0,1,0,0,1,0,0,1,3,0,1,0,8,9,4,5,5,4,2,1,1,1,581.091,"wave two","dem"
1,0,0,1,0,0,0,0,1,0,0,3,0,0,1,10,15,2,3,4,5,2,0,3,0,832.881,"wave two","neutral"
0,0,0,0,0,1,0,1,0,1,0,3,1,0,0,2,2,5,5,5,2,2,0,2,1,66.752,"wave two","rep"
0,0,0,0,1,0,0,1,0,0,1,3,0,1,0,7,11,3,3,2,2,3,1,1,1,855.477,"wave two","dem"
1,0,0,1,0,0,0,0,1,0,0,4,0,0,1,7,8,4,4,4,5,4,1,2,1,1180.814,"wave two","neutral"
1,0,0,1,0,0,0,0,1,0,0,1,0,0,1,8,9,3,4,4,4,1,0,3,0,440.174,"wave two","neutral"
0,0,0,0,1,0,0,1,1,0,0,4,0,0,1,8,17,3,3,3,3,2,1,2,1,375.04,"wave two","neutral"
0,0,1,1,0,0,0,0,0,1,0,3,0,1,0,8,8,4,4,5,3,2,0,1,1,376.19,"wave two","rep"
0,0,1,1,0,0,0,0,0,1,0,5,0,1,0,9,12,4,4,4,6,2,0,2,1,892.885,"wave two","rep"
1,0,0,1,0,0,0,0,0,0,1,4,1,0,0,8,8,4,5,4,3,1,1,1,1,1103.408,"wave two","dem"
1,0,0,1,0,0,0,0,0,1,0,3,0,1,0,8,10,4,3,4,6,1,1,2,1,1193.721,"wave two","rep"
0,1,0,1,0,0,0,0,0,0,1,3,1,0,0,4,5,4,4,3,5,2,1,1,1,759.71,"wave two","dem"
1,0,0,1,0,0,0,0,0,1,0,5,0,1,0,8,11,4,3,3,5,1,1,2,1,597.51,"wave two","rep"
1,0,0,1,0,0,0,0,0,1,0,1,0,1,0,8,8,4,3,3,3,2,1,2,1,355.325,"wave two","rep"
0,0,0,0,0,0,1,1,0,1,0,3,1,0,0,4,5,5,5,4,5,3,0,1,1,212.891,"wave two","rep"
0,0,0,0,0,1,0,1,0,1,0,3,1,0,0,5,6,4,3,3,5,2,0,2,1,893.614,"wave two","rep"
1,0,0,1,0,0,0,0,1,0,0,2,0,0,1,8,11,4,4,4,3,2,0,1,1,854.409,"wave two","neutral"
0,0,1,1,0,0,0,0,1,0,0,3,0,0,1,6,6,4,4,3,3,4,0,1,1,337.245,"wave two","neutral"
0,0,1,1,0,0,0,0,0,0,1,5,1,0,0,2,2,3,3,4,5,1,0,3,0,176.839,"wave two","dem"
1,0,0,1,0,0,0,0,1,0,0,5,0,0,1,5,5,4,2,2,5,4,1,2,1,12431.449,"wave two","neutral"
1,0,0,1,0,0,0,0,0,0,1,5,1,0,0,4,7,4,5,5,3,2,1,2,1,578.197,"wave two","dem"
0,0,1,1,0,0,0,0,0,0,1,5,1,0,0,6,11,4,4,3,2,1,1,2,1,452.613,"wave two","dem"
1,0,0,1,0,0,0,0,0,0,1,5,1,0,0,5,6,4,5,5,5,1,0,2,1,500.91,"wave two","dem"
1,0,0,1,0,0,0,0,0,0,1,1,1,0,0,6,7,5,5,5,3,2,0,2,1,1502.475,"wave two","dem"
1,0,0,1,0,0,0,0,0,1,0,3,0,1,0,0,0,4,4,5,5,2,1,2,1,101.104,"wave two","rep"
0,0,0,0,1,0,0,1,0,0,1,3,0,1,0,2,2,4,4,4,3,1,0,2,1,2012.738,"wave two","dem"
0,0,0,0,0,1,0,1,0,1,0,5,1,0,0,11,17,4,3,4,5,2,0,4,0,1536.067,"wave two","rep"
0,1,0,1,0,0,0,0,0,0,1,3,1,0,0,5,6,3,3,3,5,3,0,2,1,299.277,"wave two","dem"
0,0,0,0,0,1,0,1,1,0,0,4,0,0,1,3,3,5,5,5,6,2,1,3,0,592.196,"wave two","neutral"
1,0,0,1,0,0,0,0,0,1,0,2,0,1,0,6,6,5,3,4,5,2,1,3,0,711.728,"wave two","rep"
0,0,1,1,0,0,0,0,0,0,1,2,1,0,0,4,5,5,5,4,5,2,0,2,1,221.582,"wave two","dem"
0,0,1,1,0,0,0,0,0,1,0,2,0,1,0,4,5,3,4,3,5,3,0,2,1,581.975,"wave two","rep"
1,0,0,1,0,0,0,0,0,1,0,3,0,1,0,6,7,3,3,2,3,2,0,2,1,860.542,"wave two","rep"
0,0,0,0,1,0,0,1,1,0,0,2,0,0,1,7,8,5,5,5,4,3,1,3,0,735.771,"wave two","neutral"
0,0,0,0,1,0,0,1,0,0,1,5,0,1,0,2,2,5,5,5,3,2,0,2,1,564.309,"wave two","dem"
1,0,0,1,0,0,0,0,0,1,0,15,0,1,0,8,14,5,5,5,2,3,0,1,1,2796.244,"wave two","rep"
1,0,0,1,0,0,0,0,1,0,0,5,0,0,1,8,10,3,4,3,6,2,1,2,1,1298.983,"wave two","neutral"
0,0,0,0,1,0,0,1,1,0,0,3,0,0,1,3,3,5,5,4,4,2,0,2,1,181.519,"wave two","neutral"
0,1,0,1,0,0,0,0,1,0,0,5,0,0,1,8,9,3,4,4,3,3,0,3,0,363.709,"wave two","neutral"
0,0,1,1,0,0,0,0,1,0,0,5,0,0,1,9,34,4,4,3,6,2,1,2,1,2929.25,"wave two","neutral"
0,1,0,1,0,0,0,0,1,0,0,4,0,0,1,4,4,5,5,5,3,2,0,2,1,273.759,"wave two","neutral"
0,0,1,1,0,0,0,0,0,1,0,3,0,1,0,4,4,4,4,4,2,1,1,1,1,477.407,"wave two","rep"
1,0,0,1,0,0,0,0,0,0,1,5,1,0,0,4,4,4,4,4,4,2,0,1,1,452.495,"wave two","dem"
1,0,0,1,0,0,0,0,0,1,0,3,0,1,0,1,1,4,5,5,4,1,0,3,0,296.434,"wave two","rep"
0,0,1,1,0,0,0,0,0,0,1,3,1,0,0,4,5,3,4,4,3,2,1,1,1,418.577,"wave two","dem"
1,0,0,1,0,0,0,0,0,0,1,4,1,0,0,8,14,4,4,5,3,2,0,2,1,1460.251,"wave two","dem"
0,0,0,0,0,0,1,1,0,1,0,3,1,0,0,3,3,4,3,3,2,3,1,1,1,816.351,"wave two","rep"
1,0,0,1,0,0,0,0,0,0,1,3,1,0,0,7,7,3,3,4,5,2,1,2,1,380.779,"wave two","dem"
0,0,1,1,0,0,0,0,0,1,0,3,0,1,0,1,1,3,3,3,6,3,0,2,1,136.457,"wave two","rep"
0,0,0,0,0,0,1,1,1,0,0,3,0,0,1,4,4,4,4,4,2,3,1,2,1,505.844,"wave two","neutral"
0,1,0,1,0,0,0,0,0,1,0,3,0,1,0,9,11,5,4,3,6,4,0,2,1,1175.885,"wave two","rep"
0,0,1,1,0,0,0,0,0,1,0,3,0,1,0,4,4,5,4,5,2,4,1,1,1,359.983,"wave two","rep"
1,0,0,1,0,0,0,0,1,0,0,3,0,0,1,7,20,3,3,2,5,2,1,2,1,1272.261,"wave two","neutral"
0,0,1,1,0,0,0,0,0,0,1,4,1,0,0,7,7,4,4,4,5,2,1,1,1,4795.668,"wave two","dem"
0,1,0,1,0,0,0,0,0,1,0,4,0,1,0,7,12,4,3,4,3,1,1,2,1,978.384,"wave two","rep"
0,1,0,1,0,0,0,0,1,0,0,3,0,0,1,5,7,4,4,4,3,3,0,2,1,1792.888,"wave two","neutral"
1,0,0,1,0,0,0,0,1,0,0,4,0,0,1,6,7,3,4,4,2,2,0,3,0,242.499,"wave two","neutral"
0,0,1,1,0,0,0,0,0,0,1,3,1,0,0,10,18,3,3,4,6,4,0,1,1,837.908,"wave two","dem"
1,0,0,1,0,0,0,0,0,1,0,3,0,1,0,6,6,4,5,4,4,2,1,1,1,494.121,"wave two","rep"
1,0,0,1,0,0,0,0,0,1,0,5,0,1,0,6,6,5,4,5,3,2,1,2,1,676.424,"wave two","rep"
0,0,1,1,0,0,0,0,0,0,1,3,1,0,0,4,4,5,4,4,5,2,1,1,1,262.849,"wave two","dem"
0,0,1,1,0,0,0,0,0,1,0,4,0,1,0,7,9,3,2,2,3,2,1,1,1,261.899,"wave two","rep"
0,0,0,0,0,0,1,1,0,0,1,3,0,1,0,9,12,4,4,4,5,2,1,2,1,7551.479,"wave two","dem"
0,0,1,1,0,0,0,0,0,0,1,3,1,0,0,0,0,3,3,4,3,4,1,1,1,36.988,"wave two","dem"
0,0,0,0,1,0,0,1,0,0,1,1.5,0,1,0,9,9,4,3,3,2,2,0,2,1,287.884,"wave two","dem"
1,0,0,1,0,0,0,0,0,1,0,2,0,1,0,7,8,3,3,3,5,2,0,1,1,496.954,"wave two","rep"
0,1,0,1,0,0,0,0,1,0,0,3,0,0,1,9,9,4,3,2,5,2,0,2,1,489.305,"wave two","neutral"
0,0,0,0,0,1,0,1,0,0,1,5,0,1,0,10,25,5,5,5,4,2,0,2,1,1904.734,"wave two","dem"
0,0,0,0,1,0,0,1,0,1,0,4,1,0,0,6,8,4,4,4,5,1,1,2,1,496.333,"wave two","rep"
0,0,1,1,0,0,0,0,0,1,0,3,0,1,0,7,14,4,4,5,3,2,1,1,1,513.807,"wave two","rep"
0,0,0,0,0,0,1,1,0,0,1,2,0,1,0,0,0,4,4,4,5,1,1,1,1,47.325,"wave two","dem"
0,0,1,1,0,0,0,0,0,0,1,2,1,0,0,8,13,3,3,3,5,2,0,1,1,394.244,"wave two","dem"
1,0,0,1,0,0,0,0,0,0,1,2,1,0,0,0,0,4,4,5,5,2,0,1,1,471.24,"wave two","dem"
0,1,0,1,0,0,0,0,0,0,1,1,1,0,0,0,0,3,4,5,4,2,0,1,1,0,"wave two","dem"
0,0,0,0,1,0,0,1,0,0,1,10,0,1,0,9,9,2,3,3,5,4,1,4,0,734.95,"wave two","dem"
1,0,0,1,0,0,0,0,1,0,0,3.5,0,0,1,2,7,4,4,4,6,4,0,2,1,636.483,"wave two","neutral"
0,0,1,1,0,0,0,0,0,0,1,2,1,0,0,1,1,4,4,4,2,2,0,1,1,132.62,"wave two","dem"
0,0,0,0,0,1,0,1,0,1,0,3,1,0,0,4,4,2,4,4,3,2,0,2,1,273.105,"wave two","rep"
0,0,0,0,1,0,0,1,1,0,0,7,0,0,1,7,7,2,4,3,5,2,1,1,1,370.483,"wave two","neutral"
0,1,0,1,0,0,0,0,1,0,0,10,0,0,1,5,5,5,5,5,3,4,0,4,0,526.247,"wave two","neutral"
0,0,0,0,0,0,1,1,1,0,0,3,0,0,1,2,3,4,4,4,6,2,0,2,1,456.158,"wave two","neutral"
1,0,0,1,0,0,0,0,0,0,1,5,1,0,0,2,7,5,4,5,3,2,1,2,1,370.341,"wave two","dem"
1,0,0,1,0,0,0,0,0,0,1,3,1,0,0,2,4,4,4,4,3,2,1,1,1,482.999,"wave two","dem"
1,0,0,1,0,0,0,0,1,0,0,3,0,0,1,7,9,3,3,3,3,4,1,1,1,434.043,"wave two","neutral"
1,0,0,1,0,0,0,0,0,0,1,3,1,0,0,6,6,4,4,3,3,2,1,1,1,880.001,"wave two","dem"
0,0,0,0,1,0,0,1,1,0,0,3,0,0,1,4,8,5,3,4,5,3,1,1,1,522.344,"wave two","neutral"
0,0,0,0,0,0,1,1,0,1,0,3,1,0,0,0,0,4,4,5,6,3,1,1,1,233.539,"wave two","rep"
0,0,1,1,0,0,0,0,0,1,0,3,0,1,0,2,2,4,3,4,5,3,0,1,1,200.882,"wave two","rep"
0,0,1,1,0,0,0,0,0,0,1,3,1,0,0,8,8,3,3,3,4,1,0,1,1,228.529,"wave two","dem"
0,0,0,0,0,0,1,1,0,1,0,4,1,0,0,3,3,4,5,4,5,2,0,2,1,664.976,"wave two","rep"
1,0,0,1,0,0,0,0,1,0,0,2,0,0,1,5,6,4,3,3,4,4,1,1,1,288.114,"wave two","neutral"
0,1,0,1,0,0,0,0,1,0,0,2,0,0,1,5,6,5,5,5,5,1,0,2,1,518.098,"wave two","neutral"
0,0,0,0,1,0,0,1,0,0,1,3,0,1,0,2,2,5,5,4,4,2,0,2,1,363.968,"wave two","dem"
0,1,0,1,0,0,0,0,0,1,0,5,0,1,0,4,4,4,4,4,5,3,1,1,1,267.709,"wave two","rep"
1,0,0,1,0,0,0,0,1,0,0,3,0,0,1,10,11,5,5,4,5,2,0,2,1,1325.107,"wave two","neutral"
0,1,0,1,0,0,0,0,0,0,1,3,1,0,0,3,6,3,4,4,3,2,1,1,1,808.13,"wave two","dem"
0,1,0,1,0,0,0,0,1,0,0,3,0,0,1,10,12,3,3,3,5,2,1,2,1,1455.986,"wave two","neutral"
0,0,1,1,0,0,0,0,0,0,1,3,1,0,0,5,5,4,3,4,5,2,1,1,1,524.534,"wave two","dem"
0,0,1,1,0,0,0,0,1,0,0,3,0,0,1,8,8,2,3,3,5,2,0,2,1,340.937,"wave two","neutral"
0,0,1,1,0,0,0,0,1,0,0,3,0,0,1,4,4,3,4,4,5,3,1,2,1,232.374,"wave two","neutral"
0,0,1,1,0,0,0,0,0,1,0,15,0,1,0,7,11,4,3,3,5,1,1,1,1,2465.927,"wave two","rep"
1,0,0,1,0,0,0,0,1,0,0,3,0,0,1,8,10,4,4,3,3,4,0,1,1,585.265,"wave two","neutral"
0,0,0,0,0,1,0,1,0,1,0,3,1,0,0,6,11,4,5,5,6,1,1,2,1,908.679,"wave two","rep"
0,0,0,0,1,0,0,1,0,0,1,3.5,0,1,0,10,15,4,3,3,5,2,1,2,1,540.874,"wave two","dem"
1,0,0,1,0,0,0,0,0,0,1,3,1,0,0,2,2,5,5,5,5,2,0,1,1,772.539,"wave two","dem"
0,1,0,1,0,0,0,0,0,1,0,2,0,1,0,1,1,4,4,4,5,2,0,2,1,532.989,"wave two","rep"
0,1,0,1,0,0,0,0,0,1,0,4,0,1,0,8,15,3,3,3,5,4,0,2,1,954.689,"wave two","rep"
0,1,0,1,0,0,0,0,0,0,1,3,1,0,0,1,1,5,5,5,3,3,0,2,1,255.734,"wave two","dem"
1,0,0,1,0,0,0,0,0,1,0,5,0,1,0,9,10,4,4,4,5,2,1,2,1,645.297,"wave two","rep"
0,0,1,1,0,0,0,0,1,0,0,3,0,0,1,6,8,5,5,5,5,3,0,1,1,453.285,"wave two","neutral"
1,0,0,1,0,0,0,0,0,1,0,3,0,1,0,3,3,3,3,3,5,2,1,2,1,241.925,"wave two","rep"
1,0,0,1,0,0,0,0,1,0,0,5,0,0,1,3,3,5,5,5,5,2,1,2,1,420.538,"wave two","neutral"
1,0,0,1,0,0,0,0,0,0,1,7,1,0,0,10,27,3,5,5,6,2,0,2,1,1656.411,"wave two","dem"
0,0,1,1,0,0,0,0,0,1,0,3,0,1,0,5,6,3,5,4,4,1,0,2,1,514.272,"wave two","rep"
0,0,1,1,0,0,0,0,0,1,0,10,0,1,0,1,3,4,4,5,5,2,0,2,1,1359.311,"wave two","rep"
0,0,0,0,1,0,0,1,0,1,0,2,1,0,0,9,11,3,2,2,2,2,1,4,0,707.279,"wave two","rep"
0,0,0,0,1,0,0,1,0,1,0,3,1,0,0,9,11,4,4,4,6,1,0,2,1,886.915,"wave two","rep"
0,0,0,0,1,0,0,1,0,1,0,400,1,0,0,3,4,3,4,3,3,2,0,1,1,721.742,"wave two","rep"
1,0,0,1,0,0,0,0,1,0,0,3,0,0,1,2,2,4,4,4,3,2,1,1,1,577.172,"wave two","neutral"
0,1,0,1,0,0,0,0,0,1,0,3,0,1,0,6,10,3,4,4,5,2,1,1,1,492.792,"wave two","rep"
1,0,0,1,0,0,0,0,1,0,0,10,0,0,1,8,17,2,2,2,5,3,1,2,1,2419.311,"wave two","neutral"
0,0,0,0,1,0,0,1,0,1,0,5,1,0,0,10,13,3,4,4,6,4,1,2,1,588.559,"wave two","rep"
0,0,1,1,0,0,0,0,0,1,0,3,0,1,0,2,2,5,4,4,6,2,1,1,1,620.857,"wave two","rep"
0,1,0,1,0,0,0,0,0,1,0,4,0,1,0,4,4,3,4,3,4,2,1,2,1,440.751,"wave two","rep"
1,0,0,1,0,0,0,0,0,1,0,3,0,1,0,7,10,4,3,3,5,3,0,1,1,1058.989,"wave two","rep"
0,0,0,0,0,1,0,1,0,1,0,3,1,0,0,10,12,4,4,4,6,2,0,2,1,1074.793,"wave two","rep"
1,0,0,1,0,0,0,0,0,0,1,3,1,0,0,0,0,4,5,5,2,1,1,2,1,270.498,"wave two","dem"
0,0,1,1,0,0,0,0,1,0,0,1,0,0,1,1,1,4,4,4,4,1,1,1,1,129.658,"wave two","neutral"
0,1,0,1,0,0,0,0,0,1,0,2,0,1,0,6,7,4,4,4,5,2,0,2,1,319.351,"wave two","rep"
1,0,0,1,0,0,0,0,0,1,0,3,0,1,0,1,1,5,4,3,2,1,1,1,1,153.359,"wave two","rep"
1,0,0,1,0,0,0,0,0,0,1,3,1,0,0,7,10,5,5,5,3,2,1,1,1,595.307,"wave two","dem"
0,0,0,0,0,0,1,1,0,0,1,2,0,1,0,6,7,4,3,3,5,2,1,1,1,439.641,"wave two","dem"
0,0,0,0,1,0,0,1,1,0,0,5,0,0,1,4,4,3,3,3,5,3,1,3,0,415.202,"wave two","neutral"
0,0,1,1,0,0,0,0,0,1,0,3,0,1,0,6,7,4,4,4,3,1,1,1,1,935.796,"wave two","rep"
0,0,1,1,0,0,0,0,0,0,1,3,1,0,0,3,3,5,5,5,2,3,0,2,1,343.71,"wave two","dem"
1,0,0,1,0,0,0,0,0,1,0,3,0,1,0,9,13,4,3,3,5,2,0,2,1,361.404,"wave two","rep"
1,0,0,1,0,0,0,0,1,0,0,3,0,0,1,2,2,4,5,4,3,3,1,2,1,358.068,"wave two","neutral"
0,1,0,1,0,0,0,0,0,0,1,4,1,0,0,6,10,4,2,5,2,2,0,4,0,980.454,"wave two","dem"
0,0,0,0,1,0,0,1,0,0,1,3,0,1,0,4,7,3,2,3,3,2,1,1,1,2477.773,"wave two","dem"
0,1,0,1,0,0,0,0,0,0,1,4,1,0,0,8,8,3,2,3,4,2,0,1,1,342.943,"wave two","dem"
1,0,0,1,0,0,0,0,0,0,1,5,1,0,0,5,8,5,4,4,5,4,1,2,1,907.404,"wave two","dem"
0,0,0,0,0,0,1,1,1,0,0,3,0,0,1,1,1,4,5,5,5,1,1,2,1,113.305,"wave two","neutral"
0,0,0,0,1,0,0,1,0,1,0,3,1,0,0,3,6,5,4,3,3,1,1,3,0,669.175,"wave two","rep"
0,0,0,0,0,0,1,1,1,0,0,2,0,0,1,6,8,1,3,1,5,3,1,2,1,617.819,"wave two","neutral"
0,1,0,1,0,0,0,0,0,1,0,2.5,0,1,0,1,1,3,3,4,3,2,0,3,0,217.125,"wave two","rep"
0,0,0,0,1,0,0,1,0,1,0,2,1,0,0,4,5,5,5,5,5,2,1,1,1,360.11,"wave two","rep"
0,0,0,0,1,0,0,1,0,1,0,1,1,0,0,8,9,4,3,3,5,2,0,1,1,698.495,"wave two","rep"
0,0,0,0,0,0,1,1,0,0,1,3,0,1,0,8,12,3,2,3,6,2,1,2,1,593.392,"wave two","dem"
0,0,0,0,0,1,0,1,0,0,1,3,0,1,0,0,1,4,4,4,3,1,0,1,1,288.672,"wave two","dem"
1,0,0,1,0,0,0,0,1,0,0,3,0,0,1,5,5,5,5,4,3,2,0,1,1,393.923,"wave two","neutral"
1,0,0,1,0,0,0,0,0,1,0,3,0,1,0,3,4,4,4,4,3,3,1,1,1,535.7,"wave two","rep"
0,0,1,1,0,0,0,0,0,1,0,5,0,1,0,4,8,4,4,4,3,4,1,1,1,1175.478,"wave two","rep"
0,1,0,1,0,0,0,0,0,1,0,4,0,1,0,10,18,3,4,3,3,3,1,1,1,1072.698,"wave two","rep"
0,1,0,1,0,0,0,0,1,0,0,5,0,0,1,3,3,5,5,1,5,4,0,3,0,337.803,"wave two","neutral"
0,1,0,1,0,0,0,0,0,1,0,5,0,1,0,9,11,4,3,4,6,2,0,1,1,447.791,"wave two","rep"
1,0,0,1,0,0,0,0,0,0,1,5,1,0,0,10,18,4,4,4,5,3,0,2,1,1340.111,"wave two","dem"
0,0,1,1,0,0,0,0,0,1,0,2,0,1,0,2,2,3,3,3,2,1,0,3,0,239.264,"wave two","rep"
1,0,0,1,0,0,0,0,0,1,0,3,0,1,0,0,0,4,2,3,4,3,0,1,1,214.747,"wave two","rep"
0,0,0,0,1,0,0,1,0,1,0,3,1,0,0,4,4,4,4,5,5,2,1,1,1,238.57,"wave two","rep"
0,0,0,0,1,0,0,1,1,0,0,1,0,0,1,1,2,5,5,5,2,2,1,2,1,584.422,"wave two","neutral"
0,1,0,1,0,0,0,0,0,0,1,3,1,0,0,10,24,2,4,5,5,4,0,1,1,477.357,"wave two","dem"
1,0,0,1,0,0,0,0,1,0,0,3,0,0,1,3,3,3,4,4,5,2,1,3,0,486.284,"wave two","neutral"
0,1,0,1,0,0,0,0,0,0,1,3,1,0,0,7,8,3,4,4,5,3,1,3,0,519.899,"wave two","dem"
1,0,0,1,0,0,0,0,0,1,0,4,0,1,0,8,9,5,4,4,5,3,0,3,0,603.252,"wave two","rep"
0,0,0,0,1,0,0,1,0,0,1,2,0,1,0,2,3,5,4,4,2,1,0,1,1,506.777,"wave two","dem"
1,0,0,1,0,0,0,0,0,0,1,2,1,0,0,4,5,4,4,3,5,3,0,1,1,189.116,"wave two","dem"
0,0,1,1,0,0,0,0,0,1,0,4,0,1,0,2,2,3,2,2,3,2,0,2,1,471.702,"wave two","rep"
1,0,0,1,0,0,0,0,1,0,0,3,0,0,1,0,0,3,4,3,2,1,0,1,1,233.876,"wave two","neutral"
1,0,0,1,0,0,0,0,1,0,0,3,0,0,1,3,3,5,5,5,4,2,1,2,1,452.818,"wave two","neutral"
0,0,1,1,0,0,0,0,0,0,1,3,1,0,0,5,5,4,4,4,5,2,0,2,1,476.93,"wave two","dem"
0,1,0,1,0,0,0,0,0,1,0,3,0,1,0,7,9,4,4,4,3,1,0,2,1,702.924,"wave two","rep"
1,0,0,1,0,0,0,0,0,1,0,5,0,1,0,10,13,4,5,5,5,4,1,1,1,835.751,"wave two","rep"
0,1,0,1,0,0,0,0,0,1,0,3,0,1,0,5,10,4,4,4,3,4,0,1,1,440.626,"wave two","rep"
0,1,0,1,0,0,0,0,1,0,0,2,0,0,1,9,13,5,4,4,6,2,0,2,1,985.049,"wave two","neutral"
0,1,0,1,0,0,0,0,1,0,0,3,0,0,1,5,6,5,4,4,3,3,1,1,1,261.956,"wave two","neutral"
0,0,1,1,0,0,0,0,1,0,0,1.5,0,0,1,3,3,4,3,3,5,1,1,1,1,475.976,"wave two","neutral"
0,1,0,1,0,0,0,0,1,0,0,2,0,0,1,0,0,4,4,4,5,2,0,2,1,1351.263,"wave two","neutral"
1,0,0,1,0,0,0,0,0,1,0,3,0,1,0,6,9,5,5,5,5,2,0,1,1,1374.259,"wave two","rep"
1,0,0,1,0,0,0,0,0,1,0,4,0,1,0,5,8,3,4,4,5,1,1,1,1,533.359,"wave two","rep"
0,0,0,0,1,0,0,1,0,0,1,3,0,1,0,10,11,3,3,2,5,4,0,3,0,310.268,"wave two","dem"
1,0,0,1,0,0,0,0,1,0,0,3,0,0,1,9,9,4,4,3,3,2,0,1,1,287.013,"wave two","neutral"
1,0,0,1,0,0,0,0,0,1,0,3.5,0,1,0,8,8,5,5,5,2,2,0,1,1,284.378,"wave two","rep"
0,1,0,1,0,0,0,0,0,0,1,3,1,0,0,8,10,3,3,4,4,3,1,1,1,3475.434,"wave two","dem"
0,1,0,1,0,0,0,0,1,0,0,3,0,0,1,4,4,3,4,3,4,2,1,2,1,657.177,"wave two","neutral"
1,0,0,1,0,0,0,0,0,1,0,3,0,1,0,4,9,4,5,4,5,2,1,4,0,992.592,"wave two","rep"
0,1,0,1,0,0,0,0,0,1,0,3,0,1,0,8,11,4,5,5,2,2,0,1,1,599.424,"wave two","rep"
1,0,0,1,0,0,0,0,0,1,0,3,0,1,0,7,9,4,4,3,5,2,1,2,1,484.619,"wave two","rep"
0,1,0,1,0,0,0,0,0,1,0,3,0,1,0,3,3,4,3,3,3,2,0,1,1,374.212,"wave two","rep"
0,0,0,0,0,0,1,1,1,0,0,2,0,0,1,6,10,4,4,4,2,3,0,3,0,614.538,"wave two","neutral"
1,0,0,1,0,0,0,0,0,1,0,3,0,1,0,6,6,5,5,5,3,3,0,1,1,554.995,"wave two","rep"
0,0,0,0,1,0,0,1,1,0,0,4,0,0,1,5,7,3,4,4,6,2,0,2,1,448.601,"wave two","neutral"
1,0,0,1,0,0,0,0,0,0,1,3,1,0,0,2,2,5,5,5,5,2,0,2,1,250.612,"wave two","dem"
0,0,0,0,1,0,0,1,0,0,1,3,0,1,0,5,5,4,4,4,5,3,0,2,1,257.237,"wave two","dem"
0,1,0,1,0,0,0,0,1,0,0,3,0,0,1,8,10,3,4,4,3,3,0,1,1,373.305,"wave two","neutral"
0,0,0,0,0,0,1,1,0,0,1,4,0,1,0,6,9,4,4,4,5,2,0,3,0,888.341,"wave two","dem"
0,1,0,1,0,0,0,0,1,0,0,3,0,0,1,6,6,5,4,5,3,2,0,3,0,478.707,"wave two","neutral"
0,0,0,0,1,0,0,1,0,0,1,3,0,1,0,4,4,5,5,5,5,1,1,4,0,2206.504,"wave two","dem"
0,1,0,1,0,0,0,0,1,0,0,2,0,0,1,6,7,4,4,4,3,2,0,2,1,404.684,"wave two","neutral"
0,0,0,0,0,0,1,1,1,0,0,3,0,0,1,9,11,4,4,4,3,3,1,3,0,914.208,"wave two","neutral"
0,0,0,0,0,0,1,1,1,0,0,3,0,0,1,2,2,4,5,5,4,2,1,1,1,889.164,"wave two","neutral"
1,0,0,1,0,0,0,0,1,0,0,5,0,0,1,10,10,3,3,3,6,4,0,3,0,447.959,"wave two","neutral"
1,0,0,1,0,0,0,0,0,0,1,5,1,0,0,7,12,5,5,3,3,3,1,2,1,696.495,"wave two","dem"
1,0,0,1,0,0,0,0,0,1,0,3,0,1,0,6,6,5,5,5,5,3,0,4,0,892.662,"wave two","rep"
1,0,0,1,0,0,0,0,1,0,0,3,0,0,1,4,6,4,3,3,5,2,1,2,1,1250.582,"wave two","neutral"
1,0,0,1,0,0,0,0,0,0,1,2,1,0,0,6,7,5,4,4,5,3,0,2,1,1217.573,"wave two","dem"
0,0,1,1,0,0,0,0,0,1,0,3,0,1,0,7,7,4,4,3,2,2,1,1,1,385.431,"wave two","rep"
0,0,1,1,0,0,0,0,0,0,1,1.5,1,0,0,7,8,3,3,1,4,2,0,1,1,587.665,"wave two","dem"
1,0,0,1,0,0,0,0,0,1,0,3,0,1,0,5,6,4,4,5,5,2,0,2,1,263.246,"wave two","rep"
1,0,0,1,0,0,0,0,0,1,0,4,0,1,0,4,4,3,3,3,5,4,1,1,1,480.068,"wave two","rep"
1,0,0,1,0,0,0,0,0,1,0,2,0,1,0,6,12,5,4,3,3,4,1,2,1,1039.523,"wave two","rep"
0,0,1,1,0,0,0,0,0,1,0,3,0,1,0,9,11,4,4,3,5,2,1,2,1,1845.8,"wave two","rep"
0,0,0,0,0,0,1,1,1,0,0,5,0,0,1,0,0,3,4,4,5,3,0,1,1,97.584,"wave two","neutral"
0,0,0,0,0,0,1,1,1,0,0,3,0,0,1,7,9,5,4,5,2,2,0,3,0,473.72,"wave two","neutral"
0,1,0,1,0,0,0,0,1,0,0,5,0,0,1,5,5,5,4,3,3,2,0,1,1,229.506,"wave two","neutral"
1,0,0,1,0,0,0,0,0,1,0,3,0,1,0,6,6,4,4,4,5,2,1,2,1,340.714,"wave two","rep"
0,0,1,1,0,0,0,0,1,0,0,3,0,0,1,3,3,4,4,5,3,2,1,2,1,1445.639,"wave two","neutral"
1,0,0,1,0,0,0,0,0,0,1,3,1,0,0,3,3,4,4,3,2,2,0,3,0,434.005,"wave two","dem"
0,1,0,1,0,0,0,0,0,1,0,2,0,1,0,0,0,5,4,2,3,2,1,3,0,357.304,"wave two","rep"
0,0,1,1,0,0,0,0,0,0,1,2,1,0,0,7,7,4,4,5,5,2,1,1,1,1883.925,"wave two","dem"
1,0,0,1,0,0,0,0,0,0,1,2,1,0,0,2,2,4,4,4,2,1,1,2,1,593.914,"wave two","dem"
0,0,0,0,1,0,0,1,1,0,0,5,0,0,1,9,12,4,3,4,5,3,0,1,1,551.737,"wave two","neutral"
1,0,0,1,0,0,0,0,0,0,1,3,1,0,0,7,9,4,5,4,4,1,1,1,1,560.026,"wave two","dem"
0,1,0,1,0,0,0,0,1,0,0,3,0,0,1,4,5,5,4,5,4,2,0,1,1,349.702,"wave two","neutral"
0,0,1,1,0,0,0,0,0,1,0,3,0,1,0,7,9,5,5,5,5,2,0,3,0,5724.056,"wave two","rep"
0,0,1,1,0,0,0,0,1,0,0,3,0,0,1,7,8,2,1,3,4,4,0,2,1,417.221,"wave two","neutral"
0,1,0,1,0,0,0,0,0,1,0,3,0,1,0,7,14,5,4,4,3,1,0,2,1,938.243,"wave two","rep"
0,0,0,0,1,0,0,1,0,1,0,3,1,0,0,4,5,5,5,4,5,1,0,1,1,347.811,"wave two","rep"
1,0,0,1,0,0,0,0,0,1,0,2,0,1,0,1,1,4,4,4,2,2,1,2,1,174.809,"wave two","rep"
1,0,0,1,0,0,0,0,1,0,0,3,0,0,1,6,13,5,5,5,6,4,1,3,0,1401.521,"wave two","neutral"
0,0,0,0,0,1,0,1,0,1,0,3,1,0,0,5,8,4,4,4,2,3,1,3,0,890.925,"wave two","rep"
0,0,1,1,0,0,0,0,0,1,0,4,0,1,0,8,9,3,4,3,5,3,1,1,1,1005.163,"wave two","rep"
0,0,0,0,1,0,0,1,0,1,0,4,1,0,0,5,6,4,4,3,3,4,1,2,1,475.065,"wave two","rep"
1,0,0,1,0,0,0,0,0,0,1,3,1,0,0,6,10,4,3,3,5,1,0,2,1,1280.6,"wave two","dem"
0,0,0,0,0,1,0,1,0,0,1,3,0,1,0,5,5,1,5,3,5,2,0,2,1,359.721,"wave two","dem"
0,1,0,1,0,0,0,0,1,0,0,3,0,0,1,0,0,5,5,5,2,2,0,1,1,357.749,"wave two","neutral"
0,0,0,0,1,0,0,1,0,0,1,3,0,1,0,5,6,5,5,3,5,4,1,1,1,503.38,"wave two","dem"
1,0,0,1,0,0,0,0,0,0,1,3,1,0,0,3,4,4,5,4,2,2,1,2,1,311.869,"wave two","dem"
0,0,1,1,0,0,0,0,1,0,0,3,0,0,1,6,7,5,4,4,6,2,0,2,1,285.808,"wave two","neutral"
0,0,1,1,0,0,0,0,1,0,0,3,0,0,1,5,6,4,4,4,6,3,1,1,1,252.64,"wave two","neutral"
0,1,0,1,0,0,0,0,0,0,1,3,1,0,0,4,5,5,3,4,5,2,0,1,1,677.624,"wave two","dem"
0,0,0,0,1,0,0,1,0,0,1,3,0,1,0,8,10,3,4,3,2,2,1,1,1,1544.636,"wave two","dem"
1,0,0,1,0,0,0,0,1,0,0,3,0,0,1,7,7,3,4,4,4,4,0,2,1,265.859,"wave two","neutral"
1,0,0,1,0,0,0,0,0,1,0,3,0,1,0,4,4,5,5,4,6,2,1,1,1,233.847,"wave two","rep"
0,0,1,1,0,0,0,0,0,1,0,3,0,1,0,2,3,2,4,5,5,2,0,1,1,130.826,"wave two","rep"
1,0,0,1,0,0,0,0,0,1,0,2,0,1,0,7,9,4,3,3,6,3,0,1,1,345.107,"wave two","rep"
0,1,0,1,0,0,0,0,0,0,1,3,1,0,0,1,1,5,5,4,2,1,0,1,1,741.892,"wave two","dem"
1,0,0,1,0,0,0,0,0,0,1,2,1,0,0,5,6,5,5,5,5,3,1,1,1,536.108,"wave two","dem"
1,0,0,1,0,0,0,0,1,0,0,3,0,0,1,5,5,3,3,2,5,1,1,1,1,372.809,"wave two","neutral"
0,0,1,1,0,0,0,0,1,0,0,0.5,0,0,1,4,4,3,3,4,6,2,1,1,1,260.728,"wave two","neutral"
0,1,0,1,0,0,0,0,0,1,0,200,0,1,0,4,5,4,4,3,4,2,0,3,0,1188.442,"wave two","rep"
0,1,0,1,0,0,0,0,1,0,0,5,0,0,1,2,3,5,3,4,3,2,0,2,1,293.753,"wave two","neutral"
0,1,0,1,0,0,0,0,1,0,0,3,0,0,1,5,5,4,4,4,2,2,0,1,1,425.444,"wave two","neutral"
1,0,0,1,0,0,0,0,0,1,0,1,0,1,0,2,3,3,3,3,5,1,1,1,1,244.151,"wave two","rep"
0,0,1,1,0,0,0,0,0,1,0,3,0,1,0,2,4,4,4,3,5,2,0,3,0,3888.63,"wave two","rep"
0,0,0,0,0,0,1,1,1,0,0,3,0,0,1,9,12,3,4,3,4,2,0,3,0,859.596,"wave two","neutral"
1,0,0,1,0,0,0,0,0,0,1,3,1,0,0,0,0,3,4,4,2,3,1,2,1,208.754,"wave two","dem"
1,0,0,1,0,0,0,0,1,0,0,5,0,0,1,5,5,3,4,3,4,2,1,2,1,292.839,"wave two","neutral"
0,1,0,1,0,0,0,0,0,1,0,2,0,1,0,8,9,3,3,4,3,2,0,2,1,726.412,"wave two","rep"
0,0,0,0,1,0,0,1,1,0,0,5,0,0,1,5,6,5,5,5,6,3,0,2,1,32.056,"wave two","neutral"
1,0,0,1,0,0,0,0,0,1,0,3,0,1,0,4,4,4,4,5,2,4,1,2,1,432.426,"wave two","rep"
1,0,0,1,0,0,0,0,0,1,0,3,0,1,0,9,16,4,3,3,5,3,1,1,1,1644.436,"wave two","rep"
1,0,0,1,0,0,0,0,1,0,0,5,0,0,1,5,9,4,4,4,3,2,1,2,1,1039.982,"wave two","neutral"
1,0,0,1,0,0,0,0,0,0,1,5,1,0,0,11,18,5,5,4,3,4,0,2,1,2100.351,"wave two","dem"
0,0,1,1,0,0,0,0,1,0,0,5,0,0,1,6,7,4,5,4,3,1,0,4,0,768.721,"wave two","neutral"
0,0,1,1,0,0,0,0,0,0,1,0.5,1,0,0,9,11,4,3,3,5,3,0,2,1,860.031,"wave two","dem"
1,0,0,1,0,0,0,0,0,0,1,3,1,0,0,3,4,3,4,4,2,1,1,1,1,2394.189,"wave two","dem"
0,0,0,0,0,0,1,1,0,1,0,2,1,0,0,7,17,3,2,2,4,1,0,2,1,847.924,"wave two","rep"
1,0,0,1,0,0,0,0,1,0,0,3,0,0,1,7,8,3,3,3,5,3,1,1,1,790.849,"wave two","neutral"
1,0,0,1,0,0,0,0,1,0,0,5,0,0,1,5,6,4,3,4,5,2,1,2,1,453.178,"wave two","neutral"
0,0,0,0,1,0,0,1,0,1,0,5,1,0,0,10,31,3,3,3,5,4,1,2,1,988.606,"wave two","rep"
0,0,1,1,0,0,0,0,0,0,1,5,1,0,0,6,7,4,4,4,6,2,0,3,0,1523.378,"wave two","dem"
0,0,0,0,0,1,0,1,1,0,0,5,0,0,1,7,14,5,5,3,5,3,1,1,1,1163.377,"wave two","neutral"
0,1,0,1,0,0,0,0,0,0,1,3,1,0,0,2,3,4,4,4,5,2,1,1,1,583.808,"wave two","dem"
0,0,0,0,0,1,0,1,0,1,0,3,1,0,0,4,7,5,4,4,3,1,1,1,1,371.448,"wave two","rep"
0,1,0,1,0,0,0,0,0,0,1,3,1,0,0,4,5,5,5,5,3,4,1,1,1,397.134,"wave two","dem"
0,1,0,1,0,0,0,0,0,0,1,3,1,0,0,3,3,4,4,4,3,2,1,1,1,508.124,"wave two","dem"
0,0,0,0,0,0,1,1,1,0,0,2,0,0,1,7,8,4,4,5,6,2,1,2,1,395.939,"wave two","neutral"
0,0,1,1,0,0,0,0,0,0,1,3,1,0,0,7,16,4,4,4,3,2,1,1,1,673.024,"wave two","dem"
0,0,0,0,1,0,0,1,0,1,0,3,1,0,0,10,17,5,5,5,3,2,1,2,1,526.738,"wave two","rep"
0,1,0,1,0,0,0,0,1,0,0,3,0,0,1,11,13,3,4,3,4,4,1,1,1,1315.701,"wave two","neutral"
0,1,0,1,0,0,0,0,1,0,0,4,0,0,1,6,7,4,4,4,3,2,0,1,1,533.807,"wave two","neutral"
0,0,1,1,0,0,0,0,1,0,0,3,0,0,1,7,8,5,5,5,3,3,0,1,1,691.736,"wave two","neutral"
1,0,0,1,0,0,0,0,1,0,0,2,0,0,1,6,11,3,4,4,3,1,0,2,1,1201.93,"wave two","neutral"
0,0,0,0,1,0,0,1,0,0,1,4,0,1,0,10,11,2,3,4,6,4,1,3,0,595.094,"wave two","dem"
0,0,0,0,0,0,1,1,0,0,1,5,0,1,0,7,10,4,4,4,6,2,0,4,0,1677.708,"wave two","dem"
0,1,0,1,0,0,0,0,0,1,0,3.5,0,1,0,7,7,5,5,5,5,3,0,1,1,511.546,"wave two","rep"
0,0,0,0,1,0,0,1,0,0,1,3,0,1,0,9,11,4,4,4,5,4,0,1,1,1144.689,"wave two","dem"
0,1,0,1,0,0,0,0,1,0,0,4,0,0,1,4,4,3,3,3,3,2,1,1,1,252.607,"wave two","neutral"
1,0,0,1,0,0,0,0,1,0,0,3,0,0,1,8,11,2,3,2,5,3,0,1,1,510.497,"wave two","neutral"
0,0,1,1,0,0,0,0,1,0,0,3,0,0,1,9,11,3,3,3,5,4,1,2,1,453.17,"wave two","neutral"
0,0,0,0,1,0,0,1,0,1,0,6,1,0,0,8,10,4,4,4,5,2,0,2,1,960.642,"wave two","rep"
0,1,0,1,0,0,0,0,0,1,0,3,0,1,0,7,7,5,5,5,4,1,0,1,1,380.992,"wave two","rep"
0,0,1,1,0,0,0,0,0,0,1,3,1,0,0,2,2,3,4,4,2,2,0,2,1,159.633,"wave two","dem"
0,0,1,1,0,0,0,0,1,0,0,3,0,0,1,2,3,4,5,4,3,4,0,1,1,321.028,"wave two","neutral"
0,1,0,1,0,0,0,0,0,0,1,1,1,0,0,4,4,4,3,3,5,2,0,1,1,321.699,"wave two","dem"
0,1,0,1,0,0,0,0,0,1,0,3,0,1,0,10,21,3,3,3,6,2,1,4,0,3217.454,"wave two","rep"
0,0,0,0,1,0,0,1,0,0,1,5,0,1,0,5,5,4,4,3,2,1,0,2,1,1159.858,"wave two","dem"
1,0,0,1,0,0,0,0,0,1,0,3,0,1,0,10,10,4,4,3,6,4,1,1,1,312.175,"wave two","rep"
0,0,1,1,0,0,0,0,1,0,0,5,0,0,1,10,15,5,4,2,6,2,0,1,1,508.804,"wave two","neutral"
1,0,0,1,0,0,0,0,0,1,0,3,0,1,0,1,1,4,4,5,3,2,0,1,1,212.873,"wave two","rep"
0,0,1,1,0,0,0,0,1,0,0,2,0,0,1,4,9,4,4,5,5,2,1,2,1,688.034,"wave two","neutral"
1,0,0,1,0,0,0,0,0,1,0,2,0,1,0,2,3,4,4,4,2,2,1,2,1,745.18,"wave two","rep"
0,0,0,0,0,0,1,1,1,0,0,4,0,0,1,2,2,5,5,5,4,2,0,1,1,679.861,"wave two","neutral"
0,0,0,0,1,0,0,1,0,1,0,3,1,0,0,2,2,5,5,5,4,1,0,1,1,167.621,"wave two","rep"
0,0,0,0,1,0,0,1,0,0,1,3,0,1,0,2,4,3,4,4,5,2,0,2,1,323.553,"wave two","dem"
0,0,0,0,0,0,1,1,0,1,0,3,1,0,0,9,11,3,4,4,5,2,1,1,1,561.315,"wave two","rep"
1,0,0,1,0,0,0,0,0,0,1,3,1,0,0,6,6,4,3,3,5,3,1,2,1,381.572,"wave two","dem"
1,0,0,1,0,0,0,0,1,0,0,5,0,0,1,6,15,4,4,3,3,2,0,2,1,1204.344,"wave two","neutral"
0,1,0,1,0,0,0,0,0,0,1,5,1,0,0,0,2,3,4,3,3,3,0,2,1,7528.216,"wave two","dem"
1,0,0,1,0,0,0,0,1,0,0,3,0,0,1,6,7,4,3,3,3,2,1,2,1,360.745,"wave two","neutral"
0,0,0,0,1,0,0,1,0,0,1,3,0,1,0,10,11,4,5,5,6,4,1,1,1,381.643,"wave two","dem"
1,0,0,1,0,0,0,0,0,0,1,5,1,0,0,3,3,4,4,4,4,2,1,1,1,517.769,"wave two","dem"
0,1,0,1,0,0,0,0,0,1,0,300,0,1,0,0,0,4,4,3,2,3,0,2,1,286.576,"wave two","rep"
1,0,0,1,0,0,0,0,1,0,0,15,0,0,1,11,22,2,3,2,5,4,0,2,1,1968.783,"wave two","neutral"
0,0,0,0,0,1,0,1,0,1,0,1,1,0,0,5,5,4,4,4,5,2,0,2,1,242.805,"wave two","rep"
1,0,0,1,0,0,0,0,0,1,0,5,0,1,0,9,17,4,3,4,4,3,0,2,1,1825.578,"wave two","rep"
1,0,0,1,0,0,0,0,0,0,1,3,1,0,0,9,11,5,4,4,5,2,0,1,1,442.586,"wave two","dem"
0,1,0,1,0,0,0,0,0,1,0,3,0,1,0,1,1,5,5,5,4,3,0,1,1,247.924,"wave two","rep"
1,0,0,1,0,0,0,0,1,0,0,25,0,0,1,3,3,3,4,5,4,3,0,1,1,440.452,"wave two","neutral"
1,0,0,1,0,0,0,0,0,1,0,4,0,1,0,2,3,5,5,4,5,4,1,1,1,441.782,"wave two","rep"
1,0,0,1,0,0,0,0,0,1,0,2,0,1,0,1,1,4,4,5,4,3,1,2,1,236.548,"wave two","rep"
0,1,0,1,0,0,0,0,0,1,0,3,0,1,0,7,9,4,4,4,6,3,1,2,1,482.233,"wave two","rep"
0,0,1,1,0,0,0,0,1,0,0,3,0,0,1,2,3,3,4,3,5,2,1,1,1,149.263,"wave two","neutral"
0,0,0,0,1,0,0,1,0,0,1,3,0,1,0,0,0,NA,4,4,4,1,NA,4,0,147.481,"wave two","dem"
1,0,0,1,0,0,0,0,0,1,0,2,0,1,0,6,8,2,3,4,5,2,1,1,1,469.754,"wave two","rep"
0,0,0,0,0,0,1,1,1,0,0,3,0,0,1,4,4,4,5,5,5,2,0,2,1,1373.504,"wave two","neutral"
0,1,0,1,0,0,0,0,1,0,0,5,0,0,1,7,9,2,3,2,5,2,0,1,1,424.191,"wave two","neutral"
0,1,0,1,0,0,0,0,1,0,0,4,0,0,1,2,4,5,5,5,3,2,1,1,1,1253.621,"wave two","neutral"
1,0,0,1,0,0,0,0,0,1,0,4,0,1,0,8,8,4,3,3,5,2,0,2,1,3151.872,"wave two","rep"
0,0,0,0,0,0,1,1,0,1,0,6,1,0,0,3,5,5,4,4,2,1,0,3,0,579.568,"wave two","rep"
0,0,0,0,1,0,0,1,0,0,1,5,0,1,0,10,18,3,3,3,5,2,0,3,0,1454.939,"wave two","dem"
0,0,1,1,0,0,0,0,0,0,1,2,1,0,0,5,5,3,3,4,3,3,0,2,1,694.372,"wave two","dem"
1,0,0,1,0,0,0,0,0,0,1,3,1,0,0,9,12,2,5,3,5,1,1,1,1,715.889,"wave two","dem"
0,0,0,0,1,0,0,1,0,0,1,1,0,1,0,2,2,3,3,2,5,3,0,1,1,378.431,"wave two","dem"
0,0,1,1,0,0,0,0,0,0,1,3,1,0,0,5,7,4,4,4,4,1,1,1,1,491.398,"wave two","dem"
0,1,0,1,0,0,0,0,0,0,1,2,1,0,0,1,2,5,5,5,5,3,1,2,1,81.336,"wave two","dem"
0,0,0,0,1,0,0,1,1,0,0,5,0,0,1,5,5,5,4,4,5,2,1,1,1,834.229,"wave two","neutral"
0,0,1,1,0,0,0,0,0,1,0,3,0,1,0,2,2,3,3,3,5,2,0,2,1,233.818,"wave two","rep"
0,0,0,0,1,0,0,1,0,1,0,5,1,0,0,7,7,4,4,4,4,2,1,2,1,1247.127,"wave two","rep"
0,0,0,0,0,0,1,1,1,0,0,1,0,0,1,0,0,4,4,3,5,2,1,2,1,125.881,"wave two","neutral"
1,0,0,1,0,0,0,0,1,0,0,2,0,0,1,6,7,4,4,3,3,2,0,2,1,501.555,"wave two","neutral"
0,0,1,1,0,0,0,0,0,1,0,3,0,1,0,6,6,3,3,3,3,2,0,1,1,251.542,"wave two","rep"
0,0,1,1,0,0,0,0,0,1,0,5,0,1,0,1,1,4,4,5,5,1,1,1,1,214.367,"wave two","rep"
1,0,0,1,0,0,0,0,1,0,0,5,0,0,1,6,9,5,4,4,4,2,0,3,0,56502.122,"wave two","neutral"
0,0,0,0,1,0,0,1,0,1,0,3,1,0,0,6,6,4,4,4,1,3,1,2,1,351.628,"wave two","rep"
1,0,0,1,0,0,0,0,0,1,0,5,0,1,0,10,14,4,3,4,5,2,0,1,1,2571.102,"wave two","rep"
1,0,0,1,0,0,0,0,1,0,0,3,0,0,1,6,7,4,3,3,5,4,1,2,1,483.059,"wave two","neutral"
0,1,0,1,0,0,0,0,1,0,0,4,0,0,1,1,1,5,5,5,5,3,1,2,1,134.482,"wave two","neutral"
0,1,0,1,0,0,0,0,0,1,0,5,0,1,0,8,14,5,5,5,4,4,1,2,1,811.688,"wave two","rep"
0,0,0,0,1,0,0,1,1,0,0,3,0,0,1,8,8,4,2,2,5,2,0,2,1,365.379,"wave two","neutral"
0,0,0,0,0,0,1,1,0,0,1,3,0,1,0,1,1,5,4,4,5,3,1,3,0,203.518,"wave two","dem"
1,0,0,1,0,0,0,0,0,0,1,325,1,0,0,7,8,3,3,4,3,2,1,2,1,686.626,"wave two","dem"
0,1,0,1,0,0,0,0,0,0,1,3,1,0,0,6,6,3,4,3,2,2,1,1,1,355.659,"wave two","dem"
1,0,0,1,0,0,0,0,0,1,0,4,0,1,0,11,20,5,4,4,5,2,0,1,1,1616.386,"wave two","rep"
0,0,1,1,0,0,0,0,0,1,0,3,0,1,0,5,5,4,5,4,3,4,1,2,1,479.284,"wave two","rep"
1,0,0,1,0,0,0,0,0,1,0,3,0,1,0,6,7,3,4,3,3,1,1,2,1,464.329,"wave two","rep"
0,0,0,0,1,0,0,1,1,0,0,3,0,0,1,3,3,2,3,3,3,2,1,1,1,281.328,"wave two","neutral"
0,1,0,1,0,0,0,0,0,1,0,4.5,0,1,0,7,10,3,3,2,5,3,0,2,1,7459.288,"wave two","rep"
0,0,0,0,1,0,0,1,0,1,0,2,1,0,0,5,5,3,4,4,2,1,1,4,0,1334.895,"wave two","rep"
1,0,0,1,0,0,0,0,0,0,1,1,1,0,0,6,8,4,4,3,4,2,1,1,1,426.179,"wave two","dem"
0,0,0,0,1,0,0,1,0,0,1,3,0,1,0,2,4,5,5,5,6,4,0,2,1,209.389,"wave two","dem"
0,0,0,0,1,0,0,1,1,0,0,3,0,0,1,5,5,4,4,4,3,2,0,2,1,677.107,"wave two","neutral"
1,0,0,1,0,0,0,0,1,0,0,3,0,0,1,5,5,4,4,3,5,2,1,1,1,392.906,"wave two","neutral"
1,0,0,1,0,0,0,0,1,0,0,3,0,0,1,11,16,3,3,3,2,3,1,2,1,448.046,"wave two","neutral"
0,0,1,1,0,0,0,0,1,0,0,3,0,0,1,4,4,3,4,4,3,3,1,1,1,299.243,"wave two","neutral"
0,0,0,0,1,0,0,1,0,1,0,3,1,0,0,8,10,4,4,4,4,2,0,1,1,3029.79,"wave two","rep"
1,0,0,1,0,0,0,0,1,0,0,3,0,0,1,8,9,3,4,5,5,2,1,1,1,441.465,"wave two","neutral"
0,0,0,0,1,0,0,1,0,1,0,3,1,0,0,6,6,3,4,3,3,2,1,1,1,629.503,"wave two","rep"
0,0,0,0,1,0,0,1,0,1,0,3,1,0,0,1,1,4,4,4,3,2,0,2,1,137.05,"wave two","rep"
1,0,0,1,0,0,0,0,0,1,0,3,0,1,0,7,10,4,4,3,6,1,0,2,1,1097.448,"wave two","rep"
1,0,0,1,0,0,0,0,0,1,0,2,0,1,0,4,4,3,2,2,5,2,0,2,1,356.657,"wave two","rep"
0,0,0,0,0,1,0,1,0,1,0,3,1,0,0,9,12,4,5,4,6,4,1,2,1,471.628,"wave two","rep"
1,0,0,1,0,0,0,0,0,1,0,3,0,1,0,7,8,2,3,3,3,1,1,1,1,303.116,"wave two","rep"
0,0,0,0,1,0,0,1,1,0,0,45,0,0,1,11,31,3,3,4,6,4,0,4,0,2928.974,"wave two","neutral"
1,0,0,1,0,0,0,0,0,0,1,3.5,1,0,0,9,16,3,3,3,4,3,0,2,1,876.269,"wave two","dem"
0,0,0,0,1,0,0,1,1,0,0,3,0,0,1,8,9,4,4,3,6,1,0,2,1,520.898,"wave two","neutral"
1,0,0,1,0,0,0,0,0,0,1,3,1,0,0,5,5,3,4,3,3,2,1,1,1,148.537,"wave two","dem"
0,0,0,0,1,0,0,1,1,0,0,3,0,0,1,5,5,3,4,4,3,1,1,4,0,377.69,"wave two","neutral"
1,0,0,1,0,0,0,0,0,0,1,3,1,0,0,0,0,1,5,5,3,1,0,1,1,125.63,"wave two","dem"
0,1,0,1,0,0,0,0,1,0,0,1,0,0,1,0,0,4,5,4,3,3,1,1,1,225.519,"wave two","neutral"
1,0,0,1,0,0,0,0,1,0,0,3,0,0,1,4,5,4,5,4,6,4,1,2,1,993.372,"wave two","neutral"
0,0,0,0,0,0,1,1,1,0,0,3,0,0,1,6,7,5,5,4,3,2,0,3,0,773.019,"wave two","neutral"
0,0,0,0,0,0,1,1,0,1,0,3,1,0,0,2,2,4,4,5,4,2,1,1,1,153.27,"wave two","rep"
0,0,1,1,0,0,0,0,1,0,0,3,0,0,1,9,13,4,4,5,3,2,0,3,0,1321.842,"wave two","neutral"
0,1,0,1,0,0,0,0,0,0,1,3,1,0,0,3,4,3,4,4,2,1,1,2,1,428.857,"wave two","dem"
0,0,0,0,1,0,0,1,0,0,1,3,0,1,0,5,8,4,5,4,5,2,0,2,1,495.168,"wave two","dem"
1,0,0,1,0,0,0,0,0,1,0,3,0,1,0,1,1,4,5,5,4,2,1,2,1,376.827,"wave two","rep"
1,0,0,1,0,0,0,0,0,1,0,16,0,1,0,8,14,3,3,3,5,4,1,4,0,2329.388,"wave two","rep"
0,0,0,0,0,1,0,1,1,0,0,3,0,0,1,0,0,4,4,4,2,3,1,1,1,207.077,"wave two","neutral"
0,0,0,0,1,0,0,1,0,0,1,3.3,0,1,0,10,13,3,4,4,5,3,1,2,1,628.643,"wave two","dem"
0,1,0,1,0,0,0,0,0,0,1,2,1,0,0,6,8,4,3,3,3,4,0,1,1,475.173,"wave two","dem"
0,0,0,0,0,0,1,1,1,0,0,3,0,0,1,8,11,4,4,4,4,1,0,2,1,781.137,"wave two","neutral"
1,0,0,1,0,0,0,0,0,1,0,3,0,1,0,6,6,5,4,4,3,3,1,1,1,792.106,"wave two","rep"
0,0,0,0,1,0,0,1,0,0,1,3,0,1,0,2,3,3,5,4,5,4,1,1,1,6831.656,"wave two","dem"
0,0,0,0,1,0,0,1,1,0,0,5,0,0,1,0,0,5,5,5,2,1,1,1,1,15.326,"wave two","neutral"
0,1,0,1,0,0,0,0,0,0,1,3,1,0,0,9,10,4,4,4,5,4,0,3,0,846.18,"wave two","dem"
0,0,1,1,0,0,0,0,1,0,0,4,0,0,1,6,13,5,4,4,5,3,0,2,1,1040.191,"wave two","neutral"
0,0,0,0,0,0,1,1,0,0,1,3,0,1,0,8,11,3,4,3,5,2,0,2,1,828.274,"wave two","dem"
0,1,0,1,0,0,0,0,0,0,1,3,1,0,0,5,5,5,4,4,2,2,0,1,1,420.273,"wave two","dem"
0,1,0,1,0,0,0,0,0,1,0,3,0,1,0,11,15,4,4,2,5,2,0,2,1,2967.755,"wave two","rep"
1,0,0,1,0,0,0,0,0,1,0,2,0,1,0,1,1,2,4,3,6,2,0,1,1,64.795,"wave two","rep"
0,0,1,1,0,0,0,0,1,0,0,3,0,0,1,4,4,4,4,3,5,3,0,2,1,286.552,"wave two","neutral"
1,0,0,1,0,0,0,0,0,0,1,5,1,0,0,6,6,3,4,3,5,3,1,2,1,516.112,"wave two","dem"
0,1,0,1,0,0,0,0,0,1,0,10,0,1,0,8,15,4,5,3,6,4,0,4,0,1510.415,"wave two","rep"
0,0,1,1,0,0,0,0,0,1,0,4,0,1,0,5,7,4,4,3,5,2,0,1,1,2897.454,"wave two","rep"
0,0,1,1,0,0,0,0,0,0,1,3,1,0,0,5,6,5,5,5,5,4,1,1,1,1111.034,"wave two","dem"
0,0,1,1,0,0,0,0,1,0,0,3,0,0,1,6,6,4,5,4,3,2,0,1,1,709.625,"wave two","neutral"
1,0,0,1,0,0,0,0,0,0,1,175,1,0,0,3,4,3,4,3,3,1,0,2,1,214.711,"wave two","dem"
1,0,0,1,0,0,0,0,1,0,0,3,0,0,1,6,7,5,5,5,3,1,0,1,1,402.209,"wave two","neutral"
0,0,1,1,0,0,0,0,0,0,1,2,1,0,0,1,1,3,3,4,5,3,1,1,1,301.88,"wave two","dem"
0,0,0,0,0,0,1,1,0,0,1,3,0,1,0,3,3,4,4,3,3,1,1,1,1,577.448,"wave two","dem"
1,0,0,1,0,0,0,0,0,0,1,3,1,0,0,6,8,4,4,3,5,3,0,1,1,556.342,"wave two","dem"
0,0,0,0,1,0,0,1,1,0,0,4,0,0,1,11,30,3,4,3,3,3,1,1,1,932.584,"wave two","neutral"
1,0,0,1,0,0,0,0,0,0,1,3,1,0,0,7,8,4,5,5,4,2,0,1,1,777.395,"wave two","dem"
0,1,0,1,0,0,0,0,1,0,0,5,0,0,1,3,3,4,3,3,3,1,0,1,1,443.527,"wave two","neutral"
0,0,0,0,1,0,0,1,0,1,0,2,1,0,0,6,7,5,4,5,4,4,1,2,1,225.24,"wave two","rep"
1,0,0,1,0,0,0,0,0,1,0,3,0,1,0,1,1,3,3,3,6,3,1,1,1,134.612,"wave two","rep"
1,0,0,1,0,0,0,0,0,1,0,3,0,1,0,1,2,4,4,4,5,2,1,2,1,502.069,"wave two","rep"
0,0,0,0,0,1,0,1,1,0,0,3,0,0,1,4,7,5,5,5,3,1,1,3,0,1260.098,"wave two","neutral"
0,0,0,0,0,0,1,1,0,0,1,3,0,1,0,6,8,4,3,1,2,3,1,1,1,1049.299,"wave two","dem"
0,0,0,0,1,0,0,1,1,0,0,1,0,0,1,5,6,4,5,5,4,2,0,2,1,338.09,"wave two","neutral"
0,1,0,1,0,0,0,0,0,0,1,2,1,0,0,6,7,3,4,3,5,1,0,4,0,366.753,"wave two","dem"
1,0,0,1,0,0,0,0,1,0,0,5,0,0,1,8,8,5,4,4,5,3,0,1,1,685.658,"wave two","neutral"
0,1,0,1,0,0,0,0,0,0,1,5,1,0,0,6,6,4,4,3,5,2,0,2,1,536.225,"wave two","dem"
1,0,0,1,0,0,0,0,0,1,0,5,0,1,0,3,9,4,4,4,5,4,1,2,1,1266.597,"wave two","rep"
1,0,0,1,0,0,0,0,1,0,0,3,0,0,1,5,7,4,4,5,2,1,1,1,1,666.758,"wave two","neutral"
0,0,1,1,0,0,0,0,1,0,0,3,0,0,1,6,8,4,4,4,5,1,0,2,1,514.988,"wave two","neutral"
0,0,0,0,1,0,0,1,1,0,0,3,0,0,1,4,6,4,5,4,5,1,0,2,1,385.185,"wave two","neutral"
0,0,1,1,0,0,0,0,1,0,0,5,0,0,1,10,12,3,2,2,5,3,0,2,1,1215.599,"wave two","neutral"
1,0,0,1,0,0,0,0,1,0,0,4,0,0,1,7,7,3,3,2,5,2,0,1,1,646.071,"wave two","neutral"
0,1,0,1,0,0,0,0,0,1,0,3,0,1,0,9,12,4,4,4,3,2,0,1,1,572.781,"wave two","rep"
0,0,1,1,0,0,0,0,1,0,0,3,0,0,1,8,15,3,4,2,5,4,0,1,1,859.693,"wave two","neutral"
0,1,0,1,0,0,0,0,0,0,1,3.5,1,0,0,8,8,3,3,3,5,3,0,1,1,913.926,"wave two","dem"
0,0,0,0,0,0,1,1,1,0,0,2,0,0,1,0,0,4,3,4,3,3,1,1,1,162.968,"wave two","neutral"
0,0,1,1,0,0,0,0,1,0,0,3,0,0,1,6,6,3,4,3,5,3,0,1,1,298.531,"wave two","neutral"
0,1,0,1,0,0,0,0,0,0,1,5,1,0,0,0,0,4,5,4,5,2,0,4,0,103.733,"wave two","dem"
0,1,0,1,0,0,0,0,0,0,1,3,1,0,0,1,1,5,5,4,4,2,0,1,1,73.128,"wave two","dem"
0,1,0,1,0,0,0,0,0,1,0,2,0,1,0,6,7,3,3,3,5,3,0,1,1,3009.942,"wave two","rep"
1,0,0,1,0,0,0,0,0,1,0,3,0,1,0,4,5,5,5,5,5,2,1,2,1,511.643,"wave two","rep"
0,0,0,0,1,0,0,1,0,1,0,3.5,1,0,0,8,9,3,3,4,4,2,1,1,1,781.485,"wave two","rep"
1,0,0,1,0,0,0,0,1,0,0,2,0,0,1,0,2,4,5,5,3,2,0,2,1,669.918,"wave two","neutral"
0,0,0,0,1,0,0,1,1,0,0,3,0,0,1,4,5,4,4,4,5,3,0,1,1,1527.607,"wave two","neutral"
0,0,0,0,1,0,0,1,0,1,0,2,1,0,0,7,10,4,3,2,3,2,1,1,1,1048.275,"wave two","rep"
0,1,0,1,0,0,0,0,0,0,1,3,1,0,0,5,6,4,4,4,3,2,0,2,1,1073.724,"wave two","dem"
0,0,1,1,0,0,0,0,1,0,0,3,0,0,1,5,7,4,4,4,5,2,0,3,0,995.798,"wave two","neutral"
0,0,0,0,0,1,0,1,0,1,0,4,1,0,0,0,0,5,5,5,4,3,1,1,1,265.424,"wave two","rep"
1,0,0,1,0,0,0,0,0,0,1,8,1,0,0,10,18,5,4,4,3,3,0,2,1,6218.646,"wave two","dem"
1,0,0,1,0,0,0,0,1,0,0,4,0,0,1,8,11,3,3,3,6,2,1,2,1,1433.969,"wave two","neutral"
1,0,0,1,0,0,0,0,1,0,0,4,0,0,1,7,9,5,4,4,4,2,1,2,1,325.664,"wave two","neutral"
1,0,0,1,0,0,0,0,0,0,1,3,1,0,0,0,0,4,4,4,2,3,1,2,1,156.328,"wave two","dem"
0,0,0,0,1,0,0,1,1,0,0,5,0,0,1,7,10,3,3,2,5,2,1,2,1,1216.373,"wave two","neutral"
1,0,0,1,0,0,0,0,0,0,1,5,1,0,0,7,13,3,3,3,3,2,1,1,1,947.191,"wave two","dem"
0,1,0,1,0,0,0,0,0,0,1,3,1,0,0,5,5,4,4,3,5,1,1,2,1,420.368,"wave two","dem"
1,0,0,1,0,0,0,0,1,0,0,2,0,0,1,0,0,4,4,4,5,2,0,1,1,82.814,"wave two","neutral"
1,0,0,1,0,0,0,0,0,1,0,4,0,1,0,6,6,4,3,3,5,4,0,1,1,510.422,"wave two","rep"
0,0,0,0,1,0,0,1,0,0,1,3,0,1,0,0,0,1,3,2,2,1,1,2,1,86.41,"wave two","dem"
0,1,0,1,0,0,0,0,0,0,1,3,1,0,0,3,3,4,3,3,3,2,1,1,1,883.216,"wave two","dem"
1,0,0,1,0,0,0,0,0,0,1,3,1,0,0,8,13,3,3,3,6,4,1,2,1,1360.722,"wave two","dem"
0,1,0,1,0,0,0,0,0,0,1,3,1,0,0,8,8,4,4,4,6,3,0,1,1,264.553,"wave two","dem"
0,0,0,0,1,0,0,1,0,1,0,2,1,0,0,10,17,5,4,3,5,3,0,2,1,1265.141,"wave two","rep"
0,1,0,1,0,0,0,0,0,0,1,3,1,0,0,8,8,4,4,5,5,2,1,2,1,748.667,"wave two","dem"
1,0,0,1,0,0,0,0,0,0,1,3,1,0,0,2,2,4,4,3,5,2,0,1,1,306.43,"wave two","dem"
0,0,0,0,1,0,0,1,0,1,0,3,1,0,0,10,19,4,4,4,5,2,0,2,1,723.492,"wave two","rep"
0,0,1,1,0,0,0,0,1,0,0,5,0,0,1,6,10,4,4,4,6,3,0,1,1,416.632,"wave two","neutral"
0,1,0,1,0,0,0,0,1,0,0,3,0,0,1,6,6,3,3,4,6,3,1,2,1,274.022,"wave two","neutral"
0,0,1,1,0,0,0,0,1,0,0,3,0,0,1,7,9,3,3,3,6,2,0,2,1,576.025,"wave two","neutral"
0,1,0,1,0,0,0,0,1,0,0,4,0,0,1,8,12,3,3,2,3,2,0,1,1,422.617,"wave two","neutral"
0,0,1,1,0,0,0,0,0,1,0,3,0,1,0,6,6,4,4,4,3,2,1,2,1,405.567,"wave two","rep"
0,1,0,1,0,0,0,0,1,0,0,2,0,0,1,8,13,4,4,4,3,2,0,1,1,681.449,"wave two","neutral"
0,0,0,0,0,0,1,1,1,0,0,3,0,0,1,4,4,4,5,5,5,3,1,1,1,516.723,"wave two","neutral"
0,1,0,1,0,0,0,0,0,0,1,3,1,0,0,9,13,4,4,4,6,2,1,1,1,436.431,"wave two","dem"
1,0,0,1,0,0,0,0,0,0,1,3,1,0,0,9,9,3,4,4,5,2,1,1,1,815.889,"wave two","dem"
0,0,0,0,0,0,1,1,1,0,0,3,0,0,1,8,8,3,4,3,5,2,0,1,1,770.693,"wave two","neutral"
0,0,1,1,0,0,0,0,0,1,0,3,0,1,0,5,5,2,4,3,3,1,1,2,1,454.298,"wave two","rep"
0,0,0,0,1,0,0,1,0,0,1,3,0,1,0,5,5,3,4,2,3,4,1,1,1,220.339,"wave two","dem"
0,0,0,0,1,0,0,1,0,0,1,4,0,1,0,9,13,2,3,3,5,1,1,2,1,915,"wave two","dem"
0,1,0,1,0,0,0,0,0,0,1,3.5,1,0,0,4,4,4,3,4,5,4,0,1,1,286.552,"wave two","dem"
0,1,0,1,0,0,0,0,0,1,0,4,0,1,0,6,6,2,2,3,5,3,0,2,1,302.11,"wave two","rep"
0,0,1,1,0,0,0,0,0,1,0,3,0,1,0,9,9,3,4,3,5,2,1,1,1,468.462,"wave two","rep"
0,1,0,1,0,0,0,0,1,0,0,3,0,0,1,3,3,4,2,1,2,2,1,1,1,194.279,"wave two","neutral"
1,0,0,1,0,0,0,0,0,0,1,3,1,0,0,7,8,4,NA,5,3,2,0,2,1,534.485,"wave two","dem"
0,0,1,1,0,0,0,0,1,0,0,3,0,0,1,6,9,5,5,5,5,2,0,1,1,851.756,"wave two","neutral"
0,0,0,0,0,0,1,1,0,1,0,3,1,0,0,6,6,4,4,3,5,2,1,1,1,768.688,"wave two","rep"
0,0,1,1,0,0,0,0,0,1,0,3,0,1,0,9,17,5,3,4,3,2,0,2,1,1367.355,"wave two","rep"
0,0,0,0,1,0,0,1,1,0,0,4,0,0,1,5,12,4,5,5,3,4,0,2,1,1448.894,"wave two","neutral"
0,0,0,0,0,1,0,1,0,0,1,3,0,1,0,4,4,3,4,4,3,2,1,2,1,1028.067,"wave two","dem"
1,0,0,1,0,0,0,0,0,1,0,4.5,0,1,0,9,16,4,3,2,5,4,1,2,1,1433.789,"wave two","rep"
0,0,0,0,0,0,1,1,1,0,0,0.3,0,0,1,3,3,4,5,5,5,2,1,2,1,207.141,"wave two","neutral"
1,0,0,1,0,0,0,0,1,0,0,3,0,0,1,10,12,3,4,4,6,2,0,2,1,611.347,"wave two","neutral"
1,0,0,1,0,0,0,0,1,0,0,3,0,0,1,5,10,4,3,4,3,2,0,2,1,780.434,"wave two","neutral"
0,1,0,1,0,0,0,0,0,0,1,3,1,0,0,2,2,4,5,5,3,2,1,1,1,1269.14,"wave two","dem"
0,1,0,1,0,0,0,0,0,1,0,3.5,0,1,0,6,6,4,4,5,5,2,0,3,0,397.764,"wave two","rep"
1,0,0,1,0,0,0,0,1,0,0,2,0,0,1,0,0,3,3,3,2,1,1,2,1,120.87,"wave two","neutral"
1,0,0,1,0,0,0,0,0,1,0,3,0,1,0,5,6,3,3,3,3,1,0,4,0,802.972,"wave two","rep"
1,0,0,1,0,0,0,0,1,0,0,3,0,0,1,7,12,3,3,4,4,2,1,1,1,1186.274,"wave two","neutral"
1,0,0,1,0,0,0,0,0,0,1,3,1,0,0,8,9,3,4,2,5,3,0,2,1,642.481,"wave two","dem"
1,0,0,1,0,0,0,0,0,0,1,3,1,0,0,9,9,4,5,5,4,4,1,1,1,389.735,"wave two","dem"
0,0,1,1,0,0,0,0,1,0,0,2,0,0,1,6,8,4,4,5,5,2,1,2,1,702.17,"wave two","neutral"
0,0,0,0,0,0,1,1,0,1,0,3,1,0,0,10,14,3,4,3,5,3,0,2,1,882.153,"wave two","rep"
0,0,0,0,0,0,1,1,1,0,0,3,0,0,1,3,4,4,4,5,5,3,1,4,0,564.295,"wave two","neutral"
0,0,0,0,0,1,0,1,0,1,0,3,1,0,0,9,9,4,4,5,5,1,0,3,0,433.096,"wave two","rep"
0,0,0,0,1,0,0,1,0,0,1,3,0,1,0,1,2,4,4,4,5,3,0,2,1,178.54,"wave two","dem"
0,0,0,0,0,0,1,1,0,0,1,3,0,1,0,2,3,5,5,5,5,4,0,2,1,632.457,"wave two","dem"
0,0,0,0,0,0,1,1,0,0,1,3,0,1,0,4,7,4,5,5,3,1,0,3,0,668.206,"wave two","dem"
0,0,1,1,0,0,0,0,1,0,0,3,0,0,1,8,9,5,5,5,3,2,0,1,1,561.51,"wave two","neutral"
0,1,0,1,0,0,0,0,1,0,0,5,0,0,1,9,12,3,4,3,6,3,0,3,0,1025.417,"wave two","neutral"
1,0,0,1,0,0,0,0,1,0,0,30,0,0,1,10,18,4,5,5,5,4,0,3,0,6900.776,"wave two","neutral"
1,0,0,1,0,0,0,0,1,0,0,3,0,0,1,2,2,3,4,3,3,1,1,2,1,311.652,"wave two","neutral"
1,0,0,1,0,0,0,0,0,0,1,3,1,0,0,5,8,5,5,5,2,1,0,1,1,725.566,"wave two","dem"
1,0,0,1,0,0,0,0,0,0,1,0,1,0,0,11,12,5,4,5,3,4,0,4,0,2346.45,"wave two","dem"
0,1,0,1,0,0,0,0,0,1,0,3,0,1,0,7,9,4,4,4,6,2,0,4,0,1732.584,"wave two","rep"
0,1,0,1,0,0,0,0,0,1,0,4.5,0,1,0,9,13,5,5,4,6,2,1,3,0,1054.203,"wave two","rep"
0,1,0,1,0,0,0,0,0,0,1,3,1,0,0,10,15,4,4,4,5,1,1,2,1,2087.379,"wave two","dem"
0,0,0,0,1,0,0,1,1,0,0,1,0,0,1,0,1,2,4,5,4,2,1,2,1,318.792,"wave two","neutral"
1,0,0,1,0,0,0,0,0,0,1,4,1,0,0,4,5,4,2,3,5,1,1,1,1,510.889,"wave two","dem"
1,0,0,1,0,0,0,0,1,0,0,5,0,0,1,2,2,4,5,4,4,2,0,1,1,244.81,"wave two","neutral"
1,0,0,1,0,0,0,0,1,0,0,3,0,0,1,6,8,5,4,4,2,1,0,2,1,967.846,"wave two","neutral"
0,0,0,0,0,0,1,1,1,0,0,4,0,0,1,2,3,4,5,5,4,3,0,2,1,201.122,"wave two","neutral"
1,0,0,1,0,0,0,0,0,0,1,3,1,0,0,7,7,3,4,4,3,2,1,2,1,289.126,"wave two","dem"
1,0,0,1,0,0,0,0,0,0,1,3,1,0,0,5,11,4,5,5,6,3,1,2,1,671.209,"wave two","dem"
0,0,0,0,1,0,0,1,1,0,0,3,0,0,1,3,3,5,4,4,2,1,0,4,0,514.741,"wave two","neutral"
0,0,0,0,1,0,0,1,0,0,1,5,0,1,0,4,4,5,5,4,4,2,1,1,1,169.061,"wave two","dem"
0,0,1,1,0,0,0,0,0,0,1,3,1,0,0,1,1,5,5,5,2,2,1,1,1,182.78,"wave two","dem"
0,1,0,1,0,0,0,0,0,0,1,1,1,0,0,6,7,5,3,4,5,2,0,1,1,255.08,"wave two","dem"
0,0,0,0,1,0,0,1,1,0,0,5,0,0,1,6,8,3,4,4,5,2,1,2,1,578.096,"wave two","neutral"
0,0,0,0,1,0,0,1,0,1,0,6,1,0,0,9,15,3,3,3,5,2,1,1,1,1581.215,"wave two","rep"
1,0,0,1,0,0,0,0,0,0,1,3.5,1,0,0,4,5,4,4,4,3,2,1,1,1,723.732,"wave two","dem"
0,0,1,1,0,0,0,0,0,1,0,3,0,1,0,10,10,3,4,3,3,2,1,1,1,635.603,"wave two","rep"
0,0,1,1,0,0,0,0,0,0,1,3,1,0,0,5,5,5,4,4,3,2,1,1,1,249.312,"wave two","dem"
1,0,0,1,0,0,0,0,0,1,0,3,0,1,0,6,6,3,4,2,3,3,0,1,1,331.582,"wave two","rep"
1,0,0,1,0,0,0,0,0,0,1,3,1,0,0,6,8,3,4,4,5,2,1,2,1,618.766,"wave two","dem"
0,0,0,0,1,0,0,1,0,0,1,3,0,1,0,0,0,5,4,3,2,3,1,1,1,76.791,"wave two","dem"
0,0,1,1,0,0,0,0,0,1,0,3,0,1,0,7,8,5,4,4,3,2,0,3,0,2402.094,"wave two","rep"
0,0,0,0,0,0,1,1,0,1,0,1,1,0,0,3,3,5,3,5,3,3,0,1,1,236.511,"wave two","rep"
0,1,0,1,0,0,0,0,0,1,0,5,0,1,0,9,10,5,5,5,5,4,1,1,1,473.175,"wave two","rep"
0,0,0,0,1,0,0,1,1,0,0,3,0,0,1,3,3,5,4,4,5,1,1,1,1,376.224,"wave two","neutral"
0,0,0,0,0,0,1,1,0,1,0,2,1,0,0,6,6,5,4,5,5,1,0,1,1,293.988,"wave two","rep"
0,0,1,1,0,0,0,0,1,0,0,5,0,0,1,0,0,5,5,5,6,2,1,2,1,615.743,"wave two","neutral"
0,0,0,0,0,0,1,1,1,0,0,1,0,0,1,2,2,4,4,4,6,2,1,2,1,269.473,"wave two","neutral"
1,0,0,1,0,0,0,0,0,1,0,3,0,1,0,8,8,3,3,4,5,3,1,2,1,680.862,"wave two","rep"
0,0,1,1,0,0,0,0,0,0,1,5,1,0,0,4,4,5,5,5,3,3,0,2,1,295.095,"wave two","dem"
0,0,0,0,1,0,0,1,0,1,0,3,1,0,0,4,4,4,5,5,3,4,1,2,1,711.98,"wave two","rep"
0,0,1,1,0,0,0,0,1,0,0,3,0,0,1,7,7,3,4,4,6,2,0,2,1,575.495,"wave two","neutral"
0,0,1,1,0,0,0,0,0,1,0,10,0,1,0,7,8,4,3,4,3,2,0,2,1,646.935,"wave two","rep"
0,0,1,1,0,0,0,0,0,0,1,3,1,0,0,4,4,4,4,4,3,3,0,1,1,247.682,"wave two","dem"
0,0,1,1,0,0,0,0,0,0,1,3,1,0,0,8,8,4,5,5,6,4,1,2,1,292.216,"wave two","dem"
1,0,0,1,0,0,0,0,0,0,1,3,1,0,0,10,14,4,4,4,5,2,1,1,1,1075.236,"wave two","dem"
0,1,0,1,0,0,0,0,1,0,0,3,0,0,1,5,5,3,3,2,2,2,1,1,1,219.327,"wave two","neutral"
0,1,0,1,0,0,0,0,1,0,0,4,0,0,1,11,12,3,3,2,5,2,1,2,1,745.151,"wave two","neutral"
0,0,1,1,0,0,0,0,0,1,0,5,0,1,0,4,4,4,4,4,4,1,0,1,1,580.624,"wave two","rep"
0,1,0,1,0,0,0,0,0,0,1,3,1,0,0,8,11,4,3,4,5,2,0,1,1,731.87,"wave two","dem"
1,0,0,1,0,0,0,0,0,0,1,3,1,0,0,3,3,5,5,4,5,3,1,1,1,310.949,"wave two","dem"
0,0,0,0,0,0,1,1,0,1,0,4.5,1,0,0,8,12,4,5,3,3,2,1,1,1,803.829,"wave two","rep"
0,0,1,1,0,0,0,0,0,0,1,5,1,0,0,0,0,4,4,4,4,3,1,1,1,175.176,"wave two","dem"
0,0,1,1,0,0,0,0,1,0,0,3,0,0,1,5,7,4,4,5,5,1,0,1,1,421.427,"wave two","neutral"
1,0,0,1,0,0,0,0,0,1,0,3,0,1,0,1,3,3,4,3,5,3,0,1,1,382.53,"wave two","rep"
0,1,0,1,0,0,0,0,0,1,0,3,0,1,0,0,0,5,4,4,3,3,1,1,1,254.707,"wave two","rep"
0,0,1,1,0,0,0,0,0,0,1,4,1,0,0,4,4,5,5,5,3,4,0,3,0,358.023,"wave two","dem"
0,0,0,0,0,1,0,1,0,0,1,3,0,1,0,1,1,3,4,4,3,2,0,4,0,130.083,"wave two","dem"
0,1,0,1,0,0,0,0,1,0,0,3,0,0,1,6,12,4,4,4,2,1,0,4,0,1019.302,"wave two","neutral"
1,0,0,1,0,0,0,0,0,1,0,3,0,1,0,7,7,4,4,4,5,2,0,3,0,649.76,"wave two","rep"
0,0,0,0,1,0,0,1,1,0,0,5,0,0,1,7,7,4,4,5,5,4,1,2,1,534.618,"wave two","neutral"
0,0,1,1,0,0,0,0,0,0,1,3,1,0,0,9,19,3,4,1,5,2,0,2,1,876.598,"wave two","dem"
1,0,0,1,0,0,0,0,0,1,0,1,0,1,0,8,8,4,5,4,6,1,0,2,1,346.569,"wave two","rep"
1,0,0,1,0,0,0,0,0,0,1,1,1,0,0,7,7,4,4,3,3,2,0,1,1,573.488,"wave two","dem"
1,0,0,1,0,0,0,0,0,0,1,2,1,0,0,2,3,2,3,2,5,2,0,2,1,819.017,"wave two","dem"
0,0,1,1,0,0,0,0,0,0,1,3,1,0,0,0,0,5,5,5,2,2,0,3,0,193.788,"wave two","dem"
1,0,0,1,0,0,0,0,1,0,0,5,0,0,1,8,8,3,4,4,5,2,1,2,1,428.604,"wave two","neutral"
0,0,1,1,0,0,0,0,0,1,0,3,0,1,0,4,4,2,4,3,5,2,1,1,1,37.078,"wave two","rep"
1,0,0,1,0,0,0,0,1,0,0,2,0,0,1,0,0,4,4,4,4,3,1,2,1,153.681,"wave two","neutral"
0,0,1,1,0,0,0,0,1,0,0,5,0,0,1,4,5,3,4,4,4,4,1,1,1,799.492,"wave two","neutral"
0,0,1,1,0,0,0,0,0,1,0,3,0,1,0,8,9,4,3,3,3,2,0,1,1,267.194,"wave two","rep"
0,0,0,0,1,0,0,1,0,0,1,3,0,1,0,5,5,5,5,4,3,3,1,1,1,283.722,"wave two","dem"
0,1,0,1,0,0,0,0,0,1,0,4,0,1,0,9,17,4,4,4,5,2,1,2,1,1071.706,"wave two","rep"
0,1,0,1,0,0,0,0,0,0,1,3,1,0,0,6,6,3,3,3,6,3,1,1,1,204.064,"wave two","dem"
0,0,0,0,0,0,1,1,1,0,0,3,0,0,1,4,8,3,3,4,3,1,1,4,0,723.263,"wave two","neutral"
1,0,0,1,0,0,0,0,1,0,0,300,0,0,1,2,3,5,5,5,5,2,1,1,1,450.602,"wave two","neutral"
1,0,0,1,0,0,0,0,0,1,0,3,0,1,0,8,13,4,3,2,3,2,1,1,1,1150.874,"wave two","rep"
0,0,0,0,1,0,0,1,1,0,0,2,0,0,1,11,17,4,4,4,5,2,0,2,1,1647.806,"wave two","neutral"
0,1,0,1,0,0,0,0,0,1,0,5,0,1,0,9,15,3,4,3,6,4,0,1,1,596.647,"wave two","rep"
0,0,0,0,1,0,0,1,0,0,1,3,0,1,0,7,7,4,3,2,5,2,1,2,1,970.782,"wave two","dem"
0,0,1,1,0,0,0,0,0,1,0,3,0,1,0,0,0,3,4,4,3,2,0,1,1,249.993,"wave two","rep"
1,0,0,1,0,0,0,0,0,1,0,3,0,1,0,7,8,4,2,3,6,2,1,1,1,895.654,"wave two","rep"
0,0,0,0,1,0,0,1,0,1,0,3,1,0,0,9,15,2,2,2,5,4,1,2,1,564.041,"wave two","rep"
0,1,0,1,0,0,0,0,1,0,0,4,0,0,1,6,12,4,4,4,5,4,0,1,1,1139.346,"wave two","neutral"
0,0,0,0,0,0,1,1,1,0,0,2,0,0,1,3,4,4,5,5,4,2,0,3,0,394.981,"wave two","neutral"
0,0,1,1,0,0,0,0,0,0,1,3,1,0,0,5,5,4,4,5,5,1,1,2,1,444.788,"wave two","dem"
0,0,0,0,1,0,0,1,0,1,0,3,1,0,0,2,2,4,5,5,2,2,0,1,1,208.861,"wave two","rep"
0,0,0,0,0,1,0,1,0,0,1,2,0,1,0,2,3,5,5,5,5,3,0,2,1,295.145,"wave two","dem"
0,0,0,0,1,0,0,1,0,0,1,3,0,1,0,3,3,4,4,5,3,2,0,3,0,330.842,"wave two","dem"
1,0,0,1,0,0,0,0,1,0,0,3,0,0,1,1,1,5,5,5,5,3,0,2,1,431.006,"wave two","neutral"
0,0,1,1,0,0,0,0,1,0,0,3,0,0,1,8,9,3,4,3,6,2,1,2,1,626.769,"wave two","neutral"
0,0,0,0,0,1,0,1,1,0,0,3,0,0,1,5,5,5,4,5,6,4,1,1,1,417.649,"wave two","neutral"
0,0,0,0,0,1,0,1,0,1,0,3,1,0,0,9,14,5,5,5,4,2,0,2,1,983.707,"wave two","rep"
0,1,0,1,0,0,0,0,0,1,0,3,0,1,0,1,1,3,3,3,3,2,0,2,1,277.254,"wave two","rep"
0,0,0,0,1,0,0,1,1,0,0,3,0,0,1,8,9,5,4,3,5,3,1,2,1,624.997,"wave two","neutral"
1,0,0,1,0,0,0,0,0,0,1,3,1,0,0,9,13,4,5,4,4,3,0,3,0,1043.417,"wave two","dem"
0,0,0,0,1,0,0,1,1,0,0,3,0,0,1,0,0,4,4,4,4,3,0,1,1,213.645,"wave two","neutral"
0,0,0,0,0,0,1,1,0,0,1,3,0,1,0,7,9,3,3,3,6,2,1,1,1,453.406,"wave two","dem"
1,0,0,1,0,0,0,0,0,1,0,4,0,1,0,4,6,5,5,5,3,3,0,1,1,559.155,"wave two","rep"
0,1,0,1,0,0,0,0,0,1,0,3,0,1,0,8,8,4,4,5,2,2,0,1,1,625.787,"wave two","rep"
1,0,0,1,0,0,0,0,0,1,0,4,0,1,0,4,7,4,2,5,5,4,1,1,1,1402.625,"wave two","rep"
0,0,0,0,0,1,0,1,0,0,1,3,0,1,0,8,11,3,4,3,3,4,1,2,1,898.317,"wave two","dem"
1,0,0,1,0,0,0,0,0,0,1,3,1,0,0,10,14,4,4,4,5,2,0,1,1,543.761,"wave two","dem"
0,1,0,1,0,0,0,0,0,1,0,3,0,1,0,8,8,4,4,4,4,2,1,1,1,766.94,"wave two","rep"
1,0,0,1,0,0,0,0,0,0,1,3,1,0,0,4,4,4,3,4,5,2,1,1,1,340.113,"wave two","dem"
0,0,0,0,0,1,0,1,0,0,1,3,0,1,0,10,29,4,3,2,5,3,0,2,1,1555.402,"wave two","dem"
1,0,0,1,0,0,0,0,0,1,0,3,0,1,0,4,5,5,4,4,3,1,1,1,1,707.815,"wave two","rep"
0,0,0,0,1,0,0,1,1,0,0,2,0,0,1,1,1,4,5,4,5,2,1,1,1,126.477,"wave two","neutral"
0,0,0,0,0,1,0,1,0,1,0,3,1,0,0,7,7,4,2,5,5,4,0,2,1,599.455,"wave two","rep"
0,0,0,0,1,0,0,1,0,0,1,4,0,1,0,7,9,5,3,3,6,3,0,2,1,1630.856,"wave two","dem"
0,0,0,0,1,0,0,1,0,0,1,4,0,1,0,8,9,5,5,4,3,3,1,4,0,617.69,"wave two","dem"
0,0,1,1,0,0,0,0,0,0,1,3,1,0,0,11,16,3,3,3,3,2,1,2,1,1503.6,"wave two","dem"
0,0,0,0,1,0,0,1,1,0,0,3,0,0,1,9,15,2,2,2,2,1,0,4,0,324.916,"wave two","neutral"
0,1,0,1,0,0,0,0,0,0,1,0,1,0,0,4,7,5,4,4,3,2,1,2,1,1587.903,"wave two","dem"
0,0,0,0,1,0,0,1,0,1,0,3,1,0,0,0,1,3,3,3,3,4,1,2,1,197.752,"wave two","rep"
0,0,0,0,0,0,1,1,0,1,0,2,1,0,0,1,1,5,5,5,3,1,1,2,1,739.242,"wave two","rep"
0,0,0,0,0,0,1,1,1,0,0,3,0,0,1,4,7,3,5,4,2,3,0,1,1,827.986,"wave two","neutral"
0,0,1,1,0,0,0,0,1,0,0,3,0,0,1,6,6,3,3,3,3,2,1,2,1,648.107,"wave two","neutral"
0,0,0,0,1,0,0,1,0,0,1,3,0,1,0,2,3,5,5,5,3,2,0,1,1,378.371,"wave two","dem"
0,0,1,1,0,0,0,0,1,0,0,3,0,0,1,6,8,4,4,4,5,2,1,2,1,560.874,"wave two","neutral"
0,1,0,1,0,0,0,0,0,1,0,3,0,1,0,0,1,4,5,4,3,4,0,1,1,47.675,"wave two","rep"
0,1,0,1,0,0,0,0,0,1,0,4,0,1,0,5,12,5,4,4,3,2,1,4,0,3581.958,"wave two","rep"
0,0,0,0,0,1,0,1,0,0,1,5,0,1,0,6,11,3,4,4,5,3,1,1,1,784.569,"wave two","dem"
0,0,0,0,0,1,0,1,0,1,0,3,1,0,0,9,10,4,4,4,6,1,0,2,1,794.603,"wave two","rep"
1,0,0,1,0,0,0,0,0,1,0,3,0,1,0,3,4,4,4,3,5,1,1,2,1,324.94,"wave two","rep"
1,0,0,1,0,0,0,0,0,1,0,3,0,1,0,7,10,3,4,3,5,2,1,2,1,659.748,"wave two","rep"
0,0,0,0,0,0,1,1,1,0,0,3,0,0,1,4,6,5,5,5,4,3,0,4,0,693.775,"wave two","neutral"
1,0,0,1,0,0,0,0,0,1,0,3,0,1,0,5,7,4,4,4,4,2,0,2,1,409.544,"wave two","rep"
0,1,0,1,0,0,0,0,0,0,1,4,1,0,0,4,4,5,5,5,2,2,1,1,1,432.878,"wave two","dem"
0,0,0,0,1,0,0,1,0,1,0,3,1,0,0,6,7,4,4,2,2,3,1,2,1,502.853,"wave two","rep"
0,1,0,1,0,0,0,0,1,0,0,3,0,0,1,6,6,5,5,5,3,2,0,1,1,688.921,"wave two","neutral"
1,0,0,1,0,0,0,0,0,0,1,4,1,0,0,5,6,3,4,4,2,3,0,2,1,230.339,"wave two","dem"
0,0,0,0,0,1,0,1,1,0,0,3,0,0,1,7,14,5,5,4,2,4,1,2,1,1520.285,"wave two","neutral"
1,0,0,1,0,0,0,0,1,0,0,3,0,0,1,2,2,4,4,4,5,4,0,2,1,373.762,"wave two","neutral"
0,0,0,0,1,0,0,1,0,0,1,3,0,1,0,7,11,4,4,1,5,4,1,3,0,1744.242,"wave two","dem"
1,0,0,1,0,0,0,0,0,0,1,3,1,0,0,7,13,4,4,5,3,2,1,1,1,1388.045,"wave two","dem"
0,0,0,0,1,0,0,1,0,0,1,3,0,1,0,9,19,3,3,4,5,2,1,1,1,896.619,"wave two","dem"
0,1,0,1,0,0,0,0,1,0,0,1,0,0,1,0,0,4,4,4,4,3,1,2,1,243.668,"wave two","neutral"
0,0,0,0,1,0,0,1,0,1,0,3,1,0,0,7,7,4,3,3,3,2,1,2,1,678.601,"wave two","rep"
0,0,0,0,1,0,0,1,0,0,1,3,0,1,0,7,9,4,5,4,3,3,0,1,1,760.593,"wave two","dem"
0,0,0,0,0,1,0,1,0,1,0,5,1,0,0,7,8,4,4,3,5,4,0,4,0,862.492,"wave two","rep"
0,1,0,1,0,0,0,0,0,0,1,3,1,0,0,9,10,4,4,3,5,3,0,1,1,606.008,"wave two","dem"
0,0,0,0,1,0,0,1,0,1,0,3,1,0,0,4,4,3,5,3,1,2,0,2,1,209.789,"wave two","rep"
0,0,0,0,0,0,1,1,0,0,1,1,0,1,0,9,10,2,3,2,3,1,0,3,0,404.789,"wave two","dem"
0,0,0,0,0,1,0,1,0,1,0,3,1,0,0,1,2,4,4,4,3,1,1,1,1,500.146,"wave two","rep"
1,0,0,1,0,0,0,0,1,0,0,3,0,0,1,5,6,3,3,2,6,1,0,1,1,1104.026,"wave two","neutral"
0,0,1,1,0,0,0,0,1,0,0,350,0,0,1,2,2,5,4,5,2,2,0,2,1,325.316,"wave two","neutral"
0,1,0,1,0,0,0,0,0,0,1,2,1,0,0,8,13,4,4,4,6,4,1,2,1,723.054,"wave two","dem"
0,0,0,0,1,0,0,1,1,0,0,5,0,0,1,6,6,4,4,4,3,3,1,1,1,537.707,"wave two","neutral"
0,0,1,1,0,0,0,0,0,0,1,3,1,0,0,1,1,4,4,4,2,1,1,2,1,394.507,"wave two","dem"
0,0,1,1,0,0,0,0,1,0,0,4,0,0,1,8,10,4,3,3,3,2,1,1,1,772.934,"wave two","neutral"
0,0,1,1,0,0,0,0,1,0,0,2,0,0,1,6,6,4,3,4,6,4,0,1,1,459.17,"wave two","neutral"
1,0,0,1,0,0,0,0,0,1,0,3,0,1,0,3,4,4,4,4,5,1,1,3,0,438.153,"wave two","rep"
0,0,1,1,0,0,0,0,0,0,1,5,1,0,0,7,9,5,5,5,4,2,1,2,1,2353.909,"wave two","dem"
0,0,0,0,0,0,1,1,1,0,0,3,0,0,1,1,2,3,3,4,5,4,1,2,1,179.537,"wave two","neutral"
0,1,0,1,0,0,0,0,1,0,0,3,0,0,1,9,23,5,5,5,5,3,0,1,1,953.615,"wave two","neutral"
0,0,0,0,0,0,1,1,0,1,0,2,1,0,0,2,4,3,3,2,5,2,1,1,1,148.806,"wave two","rep"
1,0,0,1,0,0,0,0,0,0,1,3,1,0,0,4,6,3,3,3,3,2,1,2,1,501.45,"wave two","dem"
0,0,1,1,0,0,0,0,0,1,0,5,0,1,0,10,11,3,4,3,6,3,0,1,1,1001.803,"wave two","rep"
0,0,0,0,1,0,0,1,1,0,0,3,0,0,1,6,7,4,4,4,5,1,0,1,1,431.833,"wave two","neutral"
0,1,0,1,0,0,0,0,0,1,0,10,0,1,0,1,2,3,3,3,3,4,1,1,1,98.677,"wave two","rep"
0,0,0,0,0,1,0,1,0,0,1,5,0,1,0,5,6,4,1,1,5,4,1,2,1,1554.331,"wave two","dem"
1,0,0,1,0,0,0,0,0,1,0,5,0,1,0,4,4,4,4,4,3,1,0,1,1,370.852,"wave two","rep"
0,1,0,1,0,0,0,0,0,1,0,2,0,1,0,2,2,5,4,4,2,1,0,1,1,148.922,"wave two","rep"
1,0,0,1,0,0,0,0,1,0,0,3,0,0,1,1,1,5,5,5,3,2,1,1,1,203.209,"wave two","neutral"
1,0,0,1,0,0,0,0,0,0,1,3,1,0,0,4,4,4,4,4,5,3,1,1,1,3422.064,"wave two","dem"
0,0,0,0,1,0,0,1,0,1,0,5,1,0,0,2,2,5,3,3,3,3,1,2,1,260.778,"wave two","rep"
1,0,0,1,0,0,0,0,1,0,0,3,0,0,1,6,6,4,5,5,4,1,0,1,1,657.727,"wave two","neutral"
0,0,0,0,0,0,1,1,0,0,1,6,0,1,0,6,6,2,3,2,5,4,1,3,0,1667.06,"wave two","dem"
1,0,0,1,0,0,0,0,1,0,0,3,0,0,1,2,2,5,5,5,5,2,0,2,1,326.693,"wave two","neutral"
0,0,0,0,1,0,0,1,1,0,0,5,0,0,1,3,9,3,3,3,5,1,1,2,1,929.888,"wave two","neutral"
0,1,0,1,0,0,0,0,1,0,0,3,0,0,1,2,2,3,3,4,2,1,1,2,1,211.736,"wave two","neutral"
0,0,1,1,0,0,0,0,0,0,1,3,1,0,0,1,1,4,4,5,2,4,1,1,1,35.375,"wave two","dem"
1,0,0,1,0,0,0,0,1,0,0,4,0,0,1,9,9,5,4,4,4,2,0,1,1,781.157,"wave two","neutral"
1,0,0,1,0,0,0,0,0,1,0,1.5,0,1,0,5,6,4,3,3,6,4,0,2,1,485.434,"wave two","rep"
0,0,1,1,0,0,0,0,0,1,0,3,0,1,0,6,7,3,3,3,3,2,0,2,1,332.821,"wave two","rep"
0,0,1,1,0,0,0,0,0,0,1,3,1,0,0,4,7,4,4,4,5,3,1,1,1,425.898,"wave two","dem"
0,0,1,1,0,0,0,0,1,0,0,4,0,0,1,10,16,5,2,3,5,2,0,2,1,782.642,"wave two","neutral"
0,0,1,1,0,0,0,0,0,0,1,3,1,0,0,7,8,3,3,4,6,3,1,2,1,295.594,"wave two","dem"
0,0,1,1,0,0,0,0,0,0,1,3,1,0,0,2,3,4,5,5,2,2,1,2,1,257.188,"wave two","dem"
1,0,0,1,0,0,0,0,1,0,0,4,0,0,1,7,11,3,4,4,5,4,1,1,1,393.767,"wave two","neutral"
0,0,1,1,0,0,0,0,0,1,0,3,0,1,0,5,5,4,5,4,3,3,0,2,1,329.792,"wave two","rep"
0,0,0,0,1,0,0,1,0,1,0,3.5,1,0,0,9,10,4,4,5,6,2,1,3,0,1691.388,"wave one","rep"
0,0,0,0,1,0,0,1,1,0,0,4,0,0,1,7,15,3,3,2,5,2,0,2,1,827.033,"wave one","neutral"
1,0,0,1,0,0,0,0,1,0,0,3,0,0,1,7,17,3,3,3,5,1,1,2,1,2094.674,"wave one","neutral"
0,0,1,1,0,0,0,0,0,1,0,3,0,1,0,2,2,5,5,5,3,1,0,3,0,669.267,"wave one","rep"
1,0,0,1,0,0,0,0,1,0,0,3,0,0,1,4,4,5,4,5,3,2,0,1,1,253.614,"wave one","neutral"
1,0,0,1,0,0,0,0,0,0,1,3,1,0,0,8,11,4,4,3,5,1,1,2,1,399.425,"wave one","dem"
1,0,0,1,0,0,0,0,0,1,0,3,0,1,0,6,6,4,2,3,3,2,1,3,0,605.427,"wave one","rep"
1,0,0,1,0,0,0,0,0,1,0,3,0,1,0,3,3,5,4,4,2,2,0,2,1,164.788,"wave one","rep"
0,0,0,0,0,0,1,1,0,1,0,3,1,0,0,3,3,4,4,4,2,2,0,4,0,2141.385,"wave one","rep"
0,1,0,1,0,0,0,0,0,0,1,3,1,0,0,10,11,5,4,4,4,4,0,2,1,422.588,"wave one","dem"
1,0,0,1,0,0,0,0,0,1,0,2.5,0,1,0,9,10,3,4,4,5,2,1,4,0,978.903,"wave one","rep"
0,1,0,1,0,0,0,0,0,1,0,3,0,1,0,8,11,4,4,5,3,2,0,2,1,398.477,"wave one","rep"
0,0,0,0,0,1,0,1,1,0,0,5,0,0,1,7,9,4,4,4,5,1,1,2,1,802.188,"wave one","neutral"
0,0,0,0,0,1,0,1,0,0,1,20,0,1,0,10,27,4,4,2,5,2,0,4,0,2421.628,"wave one","dem"
0,0,0,0,1,0,0,1,1,0,0,5,0,0,1,9,12,5,1,5,3,3,NA,3,0,1328.567,"wave one","neutral"
1,0,0,1,0,0,0,0,0,1,0,3,0,1,0,9,11,3,4,4,3,3,1,1,1,380.919,"wave one","rep"
0,1,0,1,0,0,0,0,0,1,0,3,0,1,0,9,11,5,4,4,5,1,1,3,0,1212.258,"wave one","rep"
0,0,0,0,0,0,1,1,0,1,0,3,1,0,0,0,0,4,4,4,6,3,1,2,1,128.871,"wave one","rep"
0,1,0,1,0,0,0,0,0,0,1,3,1,0,0,9,9,2,3,2,6,4,1,2,1,561.559,"wave one","dem"
1,0,0,1,0,0,0,0,0,1,0,3,0,1,0,7,9,4,3,4,6,3,0,2,1,411.421,"wave one","rep"
0,1,0,1,0,0,0,0,0,0,1,5,1,0,0,6,7,3,3,5,5,2,1,2,1,625.589,"wave one","dem"
0,1,0,1,0,0,0,0,0,1,0,3,0,1,0,8,10,3,3,4,3,2,0,2,1,705.058,"wave one","rep"
0,0,0,0,1,0,0,1,0,1,0,3,1,0,0,8,13,5,4,2,4,3,0,2,1,1298.454,"wave one","rep"
0,1,0,1,0,0,0,0,0,0,1,3,1,0,0,3,3,3,4,4,4,2,1,2,1,434.589,"wave one","dem"
0,0,0,0,1,0,0,1,0,0,1,3,0,1,0,4,4,4,3,4,5,1,0,2,1,277.809,"wave one","dem"
0,0,0,0,1,0,0,1,0,1,0,3,1,0,0,2,2,2,5,5,3,2,0,1,1,321.25,"wave one","rep"
0,1,0,1,0,0,0,0,0,1,0,1,0,1,0,1,1,5,5,5,2,1,0,1,1,446.75,"wave one","rep"
0,1,0,1,0,0,0,0,0,1,0,3,0,1,0,0,0,5,5,5,4,2,0,1,1,507.131,"wave one","rep"
0,0,0,0,0,1,0,1,1,0,0,3,0,0,1,5,5,3,5,5,5,3,1,1,1,275.248,"wave one","neutral"
1,0,0,1,0,0,0,0,0,0,1,3,1,0,0,6,6,4,4,4,4,2,0,1,1,330.884,"wave one","dem"
1,0,0,1,0,0,0,0,1,0,0,3,0,0,1,0,0,5,5,5,3,2,1,1,1,139.035,"wave one","neutral"
0,1,0,1,0,0,0,0,1,0,0,3,0,0,1,4,4,5,5,5,3,4,0,3,0,200.89,"wave one","neutral"
0,0,1,1,0,0,0,0,0,0,1,3,1,0,0,2,2,3,4,2,6,2,0,2,1,198.641,"wave one","dem"
1,0,0,1,0,0,0,0,0,1,0,3.5,0,1,0,10,14,4,4,3,5,4,1,1,1,625.558,"wave one","rep"
0,0,0,0,0,1,0,1,0,1,0,3,1,0,0,7,10,4,3,2,5,1,0,2,1,336.559,"wave one","rep"
1,0,0,1,0,0,0,0,0,0,1,2,1,0,0,4,4,4,4,4,4,2,0,1,1,327.939,"wave one","dem"
0,0,0,0,0,0,1,1,1,0,0,3,0,0,1,8,8,4,4,4,5,1,0,2,1,649.931,"wave one","neutral"
0,1,0,1,0,0,0,0,1,0,0,3,0,0,1,0,0,5,5,5,2,3,0,2,1,51.434,"wave one","neutral"
0,0,0,0,0,1,0,1,0,0,1,3,0,1,0,5,9,4,5,5,5,2,0,2,1,515.075,"wave one","dem"
0,1,0,1,0,0,0,0,0,1,0,3,0,1,0,7,8,5,4,5,3,4,1,2,1,206.381,"wave one","rep"
0,0,0,0,0,1,0,1,0,1,0,3,1,0,0,6,6,4,4,5,3,1,0,2,1,377.262,"wave one","rep"
0,0,1,1,0,0,0,0,0,1,0,3,0,1,0,5,5,4,2,3,3,1,1,1,1,322.105,"wave one","rep"
0,0,1,1,0,0,0,0,1,0,0,2,0,0,1,0,1,4,5,5,5,1,0,2,1,522.349,"wave one","neutral"
0,1,0,1,0,0,0,0,0,0,1,3,1,0,0,8,8,4,4,4,4,2,0,2,1,324.448,"wave one","dem"
1,0,0,1,0,0,0,0,0,1,0,2,0,1,0,6,9,5,4,4,3,4,0,4,0,3998.622,"wave one","rep"
0,1,0,1,0,0,0,0,0,0,1,6,1,0,0,9,13,4,4,4,6,3,0,4,0,749.129,"wave one","dem"
1,0,0,1,0,0,0,0,1,0,0,3,0,0,1,2,4,2,3,3,5,2,1,1,1,340.993,"wave one","neutral"
1,0,0,1,0,0,0,0,0,1,0,3,0,1,0,5,7,4,3,4,3,1,0,1,1,455.936,"wave one","rep"
0,1,0,1,0,0,0,0,1,0,0,5,0,0,1,9,10,5,4,5,5,3,0,2,1,705.708,"wave one","neutral"
0,1,0,1,0,0,0,0,1,0,0,3,0,0,1,9,13,3,3,2,5,2,0,2,1,1247.176,"wave one","neutral"
0,0,0,0,1,0,0,1,0,0,1,3,0,1,0,6,6,5,5,5,5,3,0,2,1,547.376,"wave one","dem"
0,0,1,1,0,0,0,0,0,1,0,3,0,1,0,2,2,5,5,4,5,3,0,1,1,185.515,"wave one","rep"
0,1,0,1,0,0,0,0,0,0,1,3,1,0,0,2,2,5,5,4,6,2,1,2,1,2618.155,"wave one","dem"
1,0,0,1,0,0,0,0,0,0,1,250,1,0,0,3,3,5,3,4,3,2,0,2,1,217.67,"wave one","dem"
0,0,0,0,1,0,0,1,0,0,1,3,0,1,0,5,6,4,3,4,5,1,0,3,0,18298.768,"wave one","dem"
0,0,1,1,0,0,0,0,0,0,1,3,1,0,0,2,2,4,4,4,3,2,1,1,1,323.175,"wave one","dem"
1,0,0,1,0,0,0,0,0,1,0,3,0,1,0,6,7,3,5,5,5,2,0,3,0,5775.047,"wave one","rep"
0,0,0,0,1,0,0,1,0,1,0,4,1,0,0,10,23,3,4,5,4,1,1,1,1,2058.307,"wave one","rep"
1,0,0,1,0,0,0,0,1,0,0,2,0,0,1,2,2,3,4,2,2,2,0,1,1,248.899,"wave one","neutral"
0,1,0,1,0,0,0,0,0,0,1,4,1,0,0,7,9,3,4,3,5,4,1,2,1,441.988,"wave one","dem"
1,0,0,1,0,0,0,0,0,0,1,1,1,0,0,5,5,5,4,5,2,2,0,2,1,998.082,"wave one","dem"
0,1,0,1,0,0,0,0,0,1,0,5,0,1,0,11,13,3,3,3,5,4,1,2,1,1301.777,"wave one","rep"
0,1,0,1,0,0,0,0,1,0,0,3,0,0,1,9,10,5,5,5,4,1,0,1,1,1028.332,"wave one","neutral"
1,0,0,1,0,0,0,0,0,0,1,1.5,1,0,0,8,10,4,4,4,5,2,0,1,1,577.297,"wave one","dem"
0,0,1,1,0,0,0,0,1,0,0,250,0,0,1,6,12,3,4,4,3,2,1,2,1,705.969,"wave one","neutral"
1,0,0,1,0,0,0,0,1,0,0,3,0,0,1,11,25,4,5,5,3,2,1,1,1,2480.29,"wave one","neutral"
0,0,0,0,0,1,0,1,0,1,0,3,1,0,0,6,6,4,3,4,3,2,1,3,0,454.974,"wave one","rep"
0,0,0,0,0,0,1,1,0,1,0,3,1,0,0,7,10,3,3,2,4,3,1,1,1,1390.338,"wave one","rep"
1,0,0,1,0,0,0,0,1,0,0,4,0,0,1,7,9,4,4,4,3,2,1,1,1,579.087,"wave one","neutral"
0,0,0,0,1,0,0,1,1,0,0,3,0,0,1,4,7,4,5,5,3,2,1,2,1,342.766,"wave one","neutral"
0,0,0,0,0,0,1,1,0,1,0,3,1,0,0,7,7,4,4,5,5,3,1,1,1,226.672,"wave one","rep"
0,0,0,0,1,0,0,1,0,1,0,4,1,0,0,8,9,5,5,5,3,2,0,3,0,502.036,"wave one","rep"
0,0,0,0,1,0,0,1,0,0,1,3,0,1,0,8,8,5,5,5,3,2,1,2,1,400.607,"wave one","dem"
0,1,0,1,0,0,0,0,0,1,0,2,0,1,0,10,21,3,4,4,2,1,0,3,0,1108.08,"wave one","rep"
0,0,1,1,0,0,0,0,0,0,1,3,1,0,0,4,4,4,4,4,4,4,1,2,1,452.325,"wave one","dem"
0,0,1,1,0,0,0,0,1,0,0,4,0,0,1,1,2,3,3,3,5,1,1,1,1,421.297,"wave one","neutral"
1,0,0,1,0,0,0,0,1,0,0,4,0,0,1,8,13,4,4,4,5,2,1,2,1,3805.176,"wave one","neutral"
1,0,0,1,0,0,0,0,0,0,1,2,1,0,0,8,8,4,4,4,3,4,1,1,1,442.044,"wave one","dem"
1,0,0,1,0,0,0,0,0,1,0,3,0,1,0,9,9,1,3,3,4,2,0,1,1,352.706,"wave one","rep"
1,0,0,1,0,0,0,0,0,1,0,3,0,1,0,9,15,3,3,3,2,2,0,1,1,1337.792,"wave one","rep"
0,0,0,0,0,0,1,1,0,0,1,20,0,1,0,0,0,5,4,4,2,3,1,1,1,276.806,"wave one","dem"
1,0,0,1,0,0,0,0,0,0,1,3,1,0,0,6,7,5,4,4,3,2,1,1,1,385.962,"wave one","dem"
0,0,0,0,1,0,0,1,1,0,0,2,0,0,1,8,10,4,4,4,5,2,1,1,1,384.202,"wave one","neutral"
0,1,0,1,0,0,0,0,0,0,1,1,1,0,0,0,0,5,5,5,4,2,0,1,1,91.113,"wave one","dem"
0,0,1,1,0,0,0,0,0,1,0,6,0,1,0,9,22,5,4,4,3,1,0,3,0,2352.599,"wave one","rep"
0,0,0,0,0,0,1,1,0,1,0,3,1,0,0,7,11,4,4,5,4,3,0,2,1,487.465,"wave one","rep"
0,1,0,1,0,0,0,0,0,0,1,3,1,0,0,2,2,4,4,4,5,2,1,2,1,3540.291,"wave one","dem"
0,0,1,1,0,0,0,0,0,0,1,3,1,0,0,7,7,5,4,4,3,2,0,1,1,398.884,"wave one","dem"
0,0,0,0,1,0,0,1,0,0,1,5,0,1,0,8,11,5,4,4,4,4,1,1,1,1221.761,"wave one","dem"
1,0,0,1,0,0,0,0,1,0,0,2,0,0,1,7,7,4,5,4,5,3,0,1,1,321.063,"wave one","neutral"
0,0,1,1,0,0,0,0,0,1,0,3,0,1,0,6,10,3,4,4,3,1,1,2,1,585.691,"wave one","rep"
1,0,0,1,0,0,0,0,0,1,0,3,0,1,0,10,12,3,4,2,5,2,1,2,1,509.292,"wave one","rep"
0,1,0,1,0,0,0,0,0,1,0,4,0,1,0,11,12,2,4,2,3,4,0,1,1,904.511,"wave one","rep"
0,0,1,1,0,0,0,0,0,1,0,2,0,1,0,4,5,4,4,4,2,3,1,4,0,613.959,"wave one","rep"
1,0,0,1,0,0,0,0,0,1,0,6,0,1,0,6,7,4,5,4,6,2,0,1,1,720.588,"wave one","rep"
1,0,0,1,0,0,0,0,1,0,0,3,0,0,1,8,10,4,4,3,5,1,0,4,0,1505.04,"wave one","neutral"
0,1,0,1,0,0,0,0,1,0,0,3,0,0,1,8,10,5,4,4,3,3,0,2,1,512.616,"wave one","neutral"
1,0,0,1,0,0,0,0,0,0,1,3,1,0,0,2,2,4,3,3,3,1,0,4,0,477.04,"wave one","dem"
0,0,0,0,1,0,0,1,1,0,0,2,0,0,1,7,10,5,5,5,5,3,1,1,1,263.822,"wave one","neutral"
0,0,0,0,1,0,0,1,0,0,1,2,0,1,0,0,0,4,4,3,3,3,1,1,1,95.356,"wave one","dem"
0,0,1,1,0,0,0,0,1,0,0,3,0,0,1,5,8,5,4,4,4,2,0,1,1,560.987,"wave one","neutral"
1,0,0,1,0,0,0,0,0,1,0,3,0,1,0,7,7,2,3,2,3,2,1,2,1,586.592,"wave one","rep"
1,0,0,1,0,0,0,0,1,0,0,3,0,0,1,5,6,4,3,3,5,2,1,1,1,333.638,"wave one","neutral"
0,0,0,0,1,0,0,1,1,0,0,3,0,0,1,8,12,5,5,5,4,1,0,3,0,1604.152,"wave one","neutral"
1,0,0,1,0,0,0,0,0,1,0,2,0,1,0,8,10,4,4,4,3,1,0,2,1,798.522,"wave one","rep"
0,0,0,0,1,0,0,1,0,0,1,3,0,1,0,2,2,2,5,4,2,2,0,1,1,233.548,"wave one","dem"
0,1,0,1,0,0,0,0,0,1,0,3,0,1,0,3,4,4,4,3,4,1,1,2,1,233.926,"wave one","rep"
1,0,0,1,0,0,0,0,0,0,1,5,1,0,0,2,4,4,4,4,5,2,0,3,0,124.074,"wave one","dem"
0,0,0,0,1,0,0,1,1,0,0,3,0,0,1,5,5,4,4,3,2,3,1,3,0,609.842,"wave one","neutral"
1,0,0,1,0,0,0,0,0,0,1,2,1,0,0,3,3,4,5,4,4,2,1,1,1,253.797,"wave one","dem"
1,0,0,1,0,0,0,0,1,0,0,3,0,0,1,6,6,5,5,5,5,1,1,2,1,445.372,"wave one","neutral"
0,0,1,1,0,0,0,0,0,0,1,3,1,0,0,8,10,4,5,4,6,1,0,1,1,1013.172,"wave one","dem"
0,0,0,0,0,0,1,1,0,1,0,2,1,0,0,8,10,4,4,5,5,2,0,1,1,500.317,"wave one","rep"
0,1,0,1,0,0,0,0,0,0,1,4,1,0,0,11,21,4,4,4,3,2,0,2,1,4370.343,"wave one","dem"
1,0,0,1,0,0,0,0,1,0,0,3,0,0,1,5,6,4,3,3,4,4,1,2,1,541.226,"wave one","neutral"
0,0,1,1,0,0,0,0,0,1,0,3,0,1,0,9,9,4,4,5,2,1,1,2,1,490.963,"wave one","rep"
0,0,0,0,0,0,1,1,1,0,0,5,0,0,1,9,16,5,4,5,3,3,0,4,0,2315.398,"wave one","neutral"
0,1,0,1,0,0,0,0,1,0,0,4,0,0,1,3,3,3,4,5,4,2,0,1,1,187.781,"wave one","neutral"
0,0,0,0,1,0,0,1,0,0,1,3,0,1,0,10,11,3,3,3,5,2,1,2,1,478.579,"wave one","dem"
0,0,0,0,1,0,0,1,1,0,0,5,0,0,1,9,9,2,2,1,5,2,1,1,1,501.112,"wave one","neutral"
0,0,1,1,0,0,0,0,0,0,1,3,1,0,0,8,13,3,4,3,3,2,0,1,1,826.025,"wave one","dem"
0,1,0,1,0,0,0,0,1,0,0,4,0,0,1,5,7,3,3,3,3,2,1,1,1,443.856,"wave one","neutral"
0,0,1,1,0,0,0,0,0,1,0,5,0,1,0,8,8,2,2,2,5,2,0,2,1,743.659,"wave one","rep"
1,0,0,1,0,0,0,0,0,1,0,5,0,1,0,10,14,3,3,3,5,4,0,1,1,1072.02,"wave one","rep"
1,0,0,1,0,0,0,0,1,0,0,2,0,0,1,8,8,3,4,2,3,2,0,2,1,550.712,"wave one","neutral"
0,0,0,0,0,1,0,1,1,0,0,5,0,0,1,7,13,5,4,4,4,3,0,2,1,427.051,"wave one","neutral"
0,0,0,0,1,0,0,1,1,0,0,5,0,0,1,4,5,4,4,4,5,2,1,1,1,166.871,"wave one","neutral"
1,0,0,1,0,0,0,0,1,0,0,5,0,0,1,3,3,4,4,4,6,2,0,1,1,305.733,"wave one","neutral"
0,0,1,1,0,0,0,0,0,1,0,3,0,1,0,6,7,3,4,4,5,1,1,1,1,371.884,"wave one","rep"
0,0,0,0,0,0,1,1,0,0,1,3,0,1,0,8,11,4,5,5,3,1,0,2,1,1093.696,"wave one","dem"
0,0,1,1,0,0,0,0,0,0,1,3,1,0,0,10,11,5,5,5,3,2,1,1,1,1653.374,"wave one","dem"
0,1,0,1,0,0,0,0,0,1,0,3,0,1,0,0,0,4,5,5,4,1,0,1,1,26.557,"wave one","rep"
0,0,0,0,1,0,0,1,0,0,1,3,0,1,0,8,9,4,4,4,3,2,0,2,1,699.587,"wave one","dem"
0,0,1,1,0,0,0,0,0,0,1,3,1,0,0,1,1,5,4,4,3,2,1,2,1,289.084,"wave one","dem"
0,0,0,0,1,0,0,1,0,0,1,4,0,1,0,6,6,4,4,3,1,1,1,1,1,667.633,"wave one","dem"
0,0,1,1,0,0,0,0,0,0,1,2,1,0,0,7,7,4,4,4,3,3,0,1,1,205.132,"wave one","dem"
0,0,1,1,0,0,0,0,0,0,1,3.5,1,0,0,7,12,3,4,3,6,2,1,2,1,647.798,"wave one","dem"
1,0,0,1,0,0,0,0,0,1,0,3,0,1,0,4,4,3,5,5,5,2,1,1,1,315.155,"wave one","rep"
0,0,0,0,1,0,0,1,0,0,1,4,0,1,0,8,12,4,4,4,4,2,1,1,1,1333.581,"wave one","dem"
0,0,0,0,1,0,0,1,1,0,0,4,0,0,1,1,1,4,4,4,3,2,0,4,0,50.161,"wave one","neutral"
0,1,0,1,0,0,0,0,0,0,1,3,1,0,0,5,5,4,4,3,4,2,0,2,1,290.636,"wave one","dem"
0,0,0,0,1,0,0,1,0,1,0,3,1,0,0,8,9,3,4,4,4,2,0,3,0,939.546,"wave one","rep"
1,0,0,1,0,0,0,0,1,0,0,3,0,0,1,0,0,5,4,4,5,2,0,1,1,271.738,"wave one","neutral"
0,0,0,0,1,0,0,1,0,0,1,3,0,1,0,9,10,2,2,2,6,3,0,2,1,737.398,"wave one","dem"
0,0,1,1,0,0,0,0,0,0,1,4,1,0,0,6,6,3,3,2,3,2,1,1,1,1049.002,"wave one","dem"
0,1,0,1,0,0,0,0,0,0,1,3,1,0,0,7,7,3,4,4,5,1,1,1,1,396.58,"wave one","dem"
0,0,1,1,0,0,0,0,0,0,1,3,1,0,0,1,1,4,5,4,5,3,1,2,1,158.904,"wave one","dem"
0,0,1,1,0,0,0,0,0,0,1,3,1,0,0,1,1,4,3,4,3,3,1,1,1,90.031,"wave one","dem"
1,0,0,1,0,0,0,0,1,0,0,4,0,0,1,5,5,5,3,3,3,3,0,3,0,877.311,"wave one","neutral"
0,0,1,1,0,0,0,0,0,0,1,3,1,0,0,2,3,3,4,4,5,2,1,1,1,258.45,"wave one","dem"
0,1,0,1,0,0,0,0,0,0,1,3,1,0,0,6,6,5,5,5,3,2,1,3,0,345.136,"wave one","dem"
0,0,0,0,1,0,0,1,0,0,1,3,0,1,0,1,1,3,3,2,3,1,1,2,1,480.785,"wave one","dem"
0,0,1,1,0,0,0,0,0,1,0,5,0,1,0,0,0,3,4,4,5,3,1,1,1,118.619,"wave one","rep"
0,1,0,1,0,0,0,0,0,1,0,5,0,1,0,4,4,3,4,3,4,1,0,1,1,209.526,"wave one","rep"
0,1,0,1,0,0,0,0,1,0,0,5,0,0,1,6,9,2,3,2,4,1,0,1,1,904.736,"wave one","neutral"
1,0,0,1,0,0,0,0,1,0,0,3,0,0,1,5,5,5,5,5,4,1,1,2,1,306.233,"wave one","neutral"
0,1,0,1,0,0,0,0,0,1,0,3,0,1,0,2,3,5,5,4,5,2,0,2,1,2099.521,"wave one","rep"
0,0,0,0,0,0,1,1,0,0,1,3,0,1,0,2,2,3,4,3,3,2,1,3,0,451.11,"wave one","dem"
0,1,0,1,0,0,0,0,0,0,1,3,1,0,0,8,8,2,4,3,6,1,1,1,1,278.463,"wave one","dem"
0,0,0,0,1,0,0,1,0,0,1,5,0,1,0,9,9,3,4,3,2,1,1,1,1,331.89,"wave one","dem"
1,0,0,1,0,0,0,0,0,0,1,2,1,0,0,5,5,4,5,4,5,4,1,1,1,280.714,"wave one","dem"
1,0,0,1,0,0,0,0,0,1,0,3,0,1,0,5,5,4,4,3,3,3,0,1,1,233.19,"wave one","rep"
0,0,0,0,1,0,0,1,0,0,1,3,0,1,0,7,7,3,4,5,4,2,0,2,1,254.063,"wave one","dem"
0,1,0,1,0,0,0,0,0,0,1,3,1,0,0,10,14,5,5,4,5,2,1,2,1,824.067,"wave one","dem"
1,0,0,1,0,0,0,0,0,0,1,3,1,0,0,7,7,4,3,3,5,2,0,1,1,392.006,"wave one","dem"
0,0,1,1,0,0,0,0,0,0,1,2,1,0,0,9,9,3,3,2,6,4,0,2,1,1011.906,"wave one","dem"
0,0,1,1,0,0,0,0,1,0,0,3,0,0,1,4,5,3,3,1,5,2,1,4,0,160.262,"wave one","neutral"
0,1,0,1,0,0,0,0,0,1,0,3,0,1,0,9,10,2,4,3,3,1,0,2,1,343.691,"wave one","rep"
1,0,0,1,0,0,0,0,0,1,0,4,0,1,0,6,8,3,4,4,4,4,1,1,1,465.111,"wave one","rep"
0,0,0,0,0,0,1,1,0,0,1,3,0,1,0,2,2,4,4,3,6,2,1,4,0,20.862,"wave one","dem"
0,0,0,0,0,0,1,1,0,0,1,3,0,1,0,10,13,5,5,5,4,2,0,3,0,2110.336,"wave one","dem"
0,0,0,0,0,0,1,1,1,0,0,3,0,0,1,10,17,3,4,4,6,2,0,2,1,1191.952,"wave one","neutral"
0,0,0,0,1,0,0,1,0,1,0,3,1,0,0,0,1,5,5,5,4,1,0,3,0,556.377,"wave one","rep"
0,0,0,0,1,0,0,1,0,1,0,3,1,0,0,5,5,4,4,4,5,1,1,2,1,299.811,"wave one","rep"
0,0,1,1,0,0,0,0,0,1,0,3,0,1,0,5,5,4,4,3,4,2,0,1,1,636.738,"wave one","rep"
0,0,1,1,0,0,0,0,1,0,0,5,0,0,1,5,5,4,3,3,3,1,0,1,1,506.925,"wave one","neutral"
0,0,0,0,1,0,0,1,0,0,1,3,0,1,0,6,6,5,5,5,5,1,1,1,1,556.26,"wave one","dem"
0,1,0,1,0,0,0,0,1,0,0,3,0,0,1,6,7,4,4,4,3,1,0,2,1,282.638,"wave one","neutral"
1,0,0,1,0,0,0,0,0,1,0,3,0,1,0,0,0,5,5,5,3,4,1,2,1,111.779,"wave one","rep"
0,1,0,1,0,0,0,0,0,0,1,4,1,0,0,7,7,5,5,5,5,1,0,2,1,1056.605,"wave one","dem"
0,0,0,0,0,1,0,1,0,1,0,3,1,0,0,6,6,3,4,3,4,1,1,1,1,428.094,"wave one","rep"
0,1,0,1,0,0,0,0,1,0,0,1.5,0,0,1,2,2,4,4,4,1,2,1,3,0,230.551,"wave one","neutral"
0,1,0,1,0,0,0,0,0,1,0,2,0,1,0,4,5,4,4,5,3,2,1,2,1,243.368,"wave one","rep"
0,0,0,0,0,0,1,1,1,0,0,3,0,0,1,4,4,3,4,4,3,1,0,1,1,276.114,"wave one","neutral"
1,0,0,1,0,0,0,0,0,1,0,3,0,1,0,0,0,4,4,3,4,3,0,1,1,152.767,"wave one","rep"
0,1,0,1,0,0,0,0,0,1,0,3,0,1,0,1,1,4,4,3,4,2,0,2,1,386.406,"wave one","rep"
0,0,1,1,0,0,0,0,0,1,0,3,0,1,0,9,9,4,4,3,5,2,0,1,1,436.537,"wave one","rep"
0,0,0,0,0,1,0,1,0,1,0,1,1,0,0,1,1,4,4,4,6,2,0,2,1,381.969,"wave one","rep"
0,0,0,0,1,0,0,1,1,0,0,300,0,0,1,3,3,5,5,4,2,1,0,4,0,459.253,"wave one","neutral"
0,0,0,0,0,1,0,1,0,0,1,5,0,1,0,7,10,4,2,4,3,3,1,3,0,894.255,"wave one","dem"
1,0,0,1,0,0,0,0,1,0,0,3,0,0,1,10,14,4,4,4,5,2,0,2,1,568.243,"wave one","neutral"
0,0,0,0,0,0,1,1,0,0,1,3,0,1,0,5,5,4,4,4,3,2,0,3,0,209.873,"wave one","dem"
1,0,0,1,0,0,0,0,0,0,1,4,1,0,0,0,0,2,4,2,3,2,1,1,1,156.971,"wave one","dem"
0,0,0,0,0,1,0,1,0,0,1,5,0,1,0,9,10,5,3,4,2,3,0,2,1,2092.19,"wave one","dem"
0,0,1,1,0,0,0,0,1,0,0,35,0,0,1,6,12,4,4,4,5,2,0,2,1,2500.933,"wave one","neutral"
0,0,1,1,0,0,0,0,1,0,0,3,0,0,1,6,7,4,4,3,5,2,0,2,1,385.737,"wave one","neutral"
0,0,1,1,0,0,0,0,1,0,0,2,0,0,1,5,5,3,3,2,2,2,1,2,1,345.099,"wave one","neutral"
0,1,0,1,0,0,0,0,1,0,0,3,0,0,1,10,10,5,4,5,2,1,0,4,0,631.079,"wave one","neutral"
0,0,1,1,0,0,0,0,0,1,0,5,0,1,0,7,11,2,2,3,5,3,0,2,1,1388.19,"wave one","rep"
1,0,0,1,0,0,0,0,1,0,0,3,0,0,1,8,14,3,4,3,3,1,1,2,1,334.603,"wave one","neutral"
0,1,0,1,0,0,0,0,0,1,0,3,0,1,0,3,3,5,4,4,3,1,0,3,0,426.251,"wave one","rep"
0,1,0,1,0,0,0,0,0,0,1,3,1,0,0,2,3,4,4,3,5,3,1,2,1,289.809,"wave one","dem"
0,0,0,0,0,1,0,1,0,0,1,5,0,1,0,10,11,3,4,2,3,2,0,1,1,1759.117,"wave one","dem"
0,0,1,1,0,0,0,0,0,1,0,3,0,1,0,7,11,5,5,5,3,2,0,3,0,747.533,"wave one","rep"
1,0,0,1,0,0,0,0,1,0,0,3,0,0,1,3,3,4,4,5,5,3,0,2,1,249.631,"wave one","neutral"
0,1,0,1,0,0,0,0,1,0,0,5,0,0,1,2,6,3,5,3,3,1,0,4,0,348.051,"wave one","neutral"
0,1,0,1,0,0,0,0,0,0,1,4,1,0,0,7,7,3,4,3,3,2,0,1,1,365.83,"wave one","dem"
0,1,0,1,0,0,0,0,1,0,0,3,0,0,1,3,4,3,4,4,4,1,1,1,1,367.891,"wave one","neutral"
0,1,0,1,0,0,0,0,1,0,0,3,0,0,1,1,1,5,1,1,2,3,0,3,0,484.109,"wave one","neutral"
0,1,0,1,0,0,0,0,0,1,0,3,0,1,0,6,7,3,2,1,3,2,0,2,1,458.747,"wave one","rep"
0,0,1,1,0,0,0,0,0,1,0,3,0,1,0,5,7,3,3,3,5,3,1,2,1,430.589,"wave one","rep"
0,0,0,0,0,1,0,1,1,0,0,3,0,0,1,9,9,4,4,4,5,4,0,2,1,493.801,"wave one","neutral"
0,1,0,1,0,0,0,0,1,0,0,5,0,0,1,7,9,4,4,4,4,3,0,2,1,704.64,"wave one","neutral"
0,1,0,1,0,0,0,0,1,0,0,3,0,0,1,7,8,4,4,4,4,2,1,2,1,501.27,"wave one","neutral"
0,0,0,0,0,0,1,1,0,1,0,300,1,0,0,3,3,1,4,5,3,3,0,3,0,262.319,"wave one","rep"
1,0,0,1,0,0,0,0,0,1,0,3,0,1,0,8,8,4,4,4,5,2,1,1,1,315.868,"wave one","rep"
0,0,0,0,1,0,0,1,0,0,1,3,0,1,0,8,10,5,4,4,5,4,0,2,1,609.238,"wave one","dem"
0,1,0,1,0,0,0,0,0,0,1,2,1,0,0,3,4,5,5,5,4,3,0,4,0,788.749,"wave one","dem"
0,0,0,0,0,0,1,1,1,0,0,3,0,0,1,8,9,4,5,5,5,2,0,1,1,656.95,"wave one","neutral"
0,0,0,0,0,0,1,1,1,0,0,3,0,0,1,10,17,4,1,3,5,2,0,2,1,819.977,"wave one","neutral"
1,0,0,1,0,0,0,0,1,0,0,5,0,0,1,8,19,4,3,3,5,3,1,2,1,1356.895,"wave one","neutral"
0,0,0,0,0,1,0,1,1,0,0,4,0,0,1,11,15,3,1,1,3,2,0,2,1,795.794,"wave one","neutral"
1,0,0,1,0,0,0,0,1,0,0,3,0,0,1,4,8,3,3,3,3,2,1,1,1,283.367,"wave one","neutral"
0,1,0,1,0,0,0,0,1,0,0,3,0,0,1,4,4,3,3,4,3,2,0,2,1,462.522,"wave one","neutral"
0,0,1,1,0,0,0,0,0,1,0,3,0,1,0,8,10,3,3,3,5,1,0,4,0,788.791,"wave one","rep"
0,1,0,1,0,0,0,0,0,0,1,4,1,0,0,1,1,3,4,3,5,1,0,2,1,193.838,"wave one","dem"
0,1,0,1,0,0,0,0,0,0,1,3,1,0,0,8,9,4,4,4,5,3,1,2,1,721.249,"wave one","dem"
1,0,0,1,0,0,0,0,0,0,1,3,1,0,0,2,5,4,4,4,4,2,1,2,1,558.186,"wave one","dem"
0,0,1,1,0,0,0,0,1,0,0,3,0,0,1,9,12,2,2,2,6,2,0,2,1,646.854,"wave one","neutral"
1,0,0,1,0,0,0,0,0,0,1,3,1,0,0,7,7,5,5,5,2,1,0,2,1,365.898,"wave one","dem"
0,0,0,0,1,0,0,1,0,1,0,4,1,0,0,6,6,2,3,2,5,2,1,2,1,1554.135,"wave one","rep"
0,0,0,0,0,0,1,1,0,1,0,2,1,0,0,6,7,2,3,2,3,4,1,3,0,412.854,"wave one","rep"
1,0,0,1,0,0,0,0,1,0,0,3,0,0,1,7,7,3,3,4,3,3,1,1,1,1105.983,"wave one","neutral"
0,0,0,0,0,1,0,1,0,1,0,3,1,0,0,6,7,5,5,5,4,1,0,4,0,758.396,"wave one","rep"
0,0,0,0,0,0,1,1,0,0,1,3,0,1,0,3,5,4,4,3,2,2,1,2,1,488.74,"wave one","dem"
0,1,0,1,0,0,0,0,0,0,1,5,1,0,0,7,7,3,3,3,5,1,0,2,1,343.948,"wave one","dem"
1,0,0,1,0,0,0,0,0,1,0,2,0,1,0,0,0,3,3,3,2,2,1,4,0,162.36,"wave one","rep"
0,1,0,1,0,0,0,0,1,0,0,5,0,0,1,11,20,4,2,3,5,4,0,2,1,864.532,"wave one","neutral"
0,0,0,0,0,1,0,1,0,0,1,3,0,1,0,7,7,5,5,5,3,1,0,3,0,1622.782,"wave one","dem"
0,0,1,1,0,0,0,0,0,1,0,3,0,1,0,4,5,4,4,4,3,2,1,1,1,531.88,"wave one","rep"
0,0,0,0,0,1,0,1,1,0,0,4,0,0,1,9,15,3,4,4,5,2,0,2,1,1365.507,"wave one","neutral"
1,0,0,1,0,0,0,0,0,1,0,10,0,1,0,0,0,5,5,4,5,1,1,2,1,73.888,"wave one","rep"
0,0,1,1,0,0,0,0,1,0,0,3,0,0,1,7,7,3,4,4,5,2,0,2,1,180.392,"wave one","neutral"
0,0,1,1,0,0,0,0,0,0,1,3,1,0,0,6,8,3,4,3,5,1,0,1,1,381.062,"wave one","dem"
0,0,0,0,1,0,0,1,0,0,1,3,0,1,0,7,7,3,4,4,2,1,0,2,1,260.928,"wave one","dem"
0,0,0,0,0,1,0,1,0,1,0,3,1,0,0,5,5,5,5,5,4,3,0,3,0,328.429,"wave one","rep"
0,0,0,0,1,0,0,1,0,1,0,4,1,0,0,2,2,3,3,2,5,1,0,2,1,276.5,"wave one","rep"
0,0,0,0,0,1,0,1,0,1,0,5,1,0,0,8,19,5,5,5,3,4,0,3,0,1190.586,"wave one","rep"
1,0,0,1,0,0,0,0,0,1,0,5,0,1,0,4,9,4,3,3,4,2,1,1,1,987.006,"wave one","rep"
0,0,0,0,1,0,0,1,1,0,0,5,0,0,1,7,8,3,3,3,3,2,0,3,0,511.588,"wave one","neutral"
0,0,1,1,0,0,0,0,0,1,0,3,0,1,0,7,8,4,4,4,2,1,0,2,1,370.897,"wave one","rep"
1,0,0,1,0,0,0,0,1,0,0,3,0,0,1,8,17,5,5,3,3,1,0,3,0,3988.563,"wave one","neutral"
0,0,0,0,1,0,0,1,0,1,0,3,1,0,0,2,2,4,5,3,3,2,0,2,1,207.411,"wave one","rep"
0,0,1,1,0,0,0,0,1,0,0,3,0,0,1,6,7,5,3,4,3,2,0,4,0,4536.986,"wave one","neutral"
0,0,1,1,0,0,0,0,1,0,0,3,0,0,1,3,4,3,5,4,2,1,1,1,1,526.167,"wave one","neutral"
0,1,0,1,0,0,0,0,0,0,1,3,1,0,0,11,13,4,5,4,5,2,0,2,1,492.02,"wave one","dem"
0,1,0,1,0,0,0,0,0,1,0,3,0,1,0,5,7,4,4,5,5,3,1,2,1,609.309,"wave one","rep"
0,0,0,0,0,0,1,1,1,0,0,2,0,0,1,6,11,4,4,4,5,1,1,4,0,290.553,"wave one","neutral"
0,0,1,1,0,0,0,0,0,1,0,3,0,1,0,6,8,2,2,1,4,2,0,3,0,745.012,"wave one","rep"
0,0,1,1,0,0,0,0,0,1,0,5,0,1,0,9,9,3,3,3,5,2,0,2,1,1115.349,"wave one","rep"
0,1,0,1,0,0,0,0,0,1,0,4,0,1,0,10,29,5,3,1,4,2,0,2,1,1044.76,"wave one","rep"
0,0,1,1,0,0,0,0,0,1,0,2,0,1,0,1,1,3,4,2,5,3,1,2,1,932.631,"wave one","rep"
0,0,1,1,0,0,0,0,0,0,1,3,1,0,0,6,6,3,4,4,2,1,1,3,0,245.58,"wave one","dem"
0,0,1,1,0,0,0,0,1,0,0,3,0,0,1,9,13,4,3,3,5,2,0,2,1,721.978,"wave one","neutral"
1,0,0,1,0,0,0,0,0,0,1,1.5,1,0,0,10,12,3,4,4,5,2,1,1,1,874.239,"wave one","dem"
0,1,0,1,0,0,0,0,1,0,0,3,0,0,1,3,3,4,2,3,3,1,0,2,1,572.241,"wave one","neutral"
1,0,0,1,0,0,0,0,1,0,0,4,0,0,1,5,6,4,4,4,3,1,1,2,1,1152.344,"wave one","neutral"
0,1,0,1,0,0,0,0,1,0,0,2,0,0,1,8,8,4,3,3,5,1,1,1,1,428.997,"wave one","neutral"
1,0,0,1,0,0,0,0,0,0,1,2,1,0,0,6,6,3,3,3,3,2,1,2,1,808.18,"wave one","dem"
0,0,0,0,1,0,0,1,1,0,0,3,0,0,1,10,14,3,4,4,5,2,0,2,1,457.161,"wave one","neutral"
0,0,1,1,0,0,0,0,0,1,0,5,0,1,0,5,6,4,4,4,4,1,0,2,1,3733.049,"wave one","rep"
0,1,0,1,0,0,0,0,0,0,1,6,1,0,0,1,1,5,NA,5,4,1,0,2,1,230.715,"wave one","dem"
0,1,0,1,0,0,0,0,0,0,1,3,1,0,0,8,8,3,4,4,5,4,0,2,1,694.562,"wave one","dem"
0,1,0,1,0,0,0,0,1,0,0,10,0,0,1,11,49,3,3,3,6,4,0,2,1,1498.303,"wave one","neutral"
1,0,0,1,0,0,0,0,1,0,0,3,0,0,1,4,4,4,3,2,3,3,1,2,1,366.62,"wave one","neutral"
0,0,0,0,1,0,0,1,1,0,0,3,0,0,1,5,5,4,4,4,3,2,0,3,0,810.21,"wave one","neutral"
1,0,0,1,0,0,0,0,1,0,0,3,0,0,1,1,1,5,4,2,3,2,0,2,1,189.33,"wave one","neutral"
1,0,0,1,0,0,0,0,0,0,1,2,1,0,0,9,9,3,4,4,5,3,1,1,1,411.004,"wave one","dem"
0,0,0,0,0,0,1,1,0,1,0,4,1,0,0,10,11,3,4,3,5,2,1,1,1,634.352,"wave one","rep"
0,1,0,1,0,0,0,0,0,0,1,3,1,0,0,7,7,3,4,4,4,2,0,2,1,456.649,"wave one","dem"
0,1,0,1,0,0,0,0,0,0,1,5,1,0,0,5,6,5,4,4,3,2,0,2,1,519.278,"wave one","dem"
0,0,0,0,0,0,1,1,0,1,0,3,1,0,0,2,2,4,3,3,5,1,0,4,0,462.632,"wave one","rep"
0,1,0,1,0,0,0,0,0,1,0,3,0,1,0,10,10,3,3,3,5,3,1,2,1,338.242,"wave one","rep"
1,0,0,1,0,0,0,0,0,0,1,3,1,0,0,1,1,4,4,4,3,1,1,1,1,5884.823,"wave one","dem"
1,0,0,1,0,0,0,0,0,0,1,3,1,0,0,1,1,3,4,3,3,1,1,1,1,217.807,"wave one","dem"
0,0,0,0,0,0,1,1,1,0,0,3,0,0,1,8,8,3,4,4,5,2,0,2,1,240.799,"wave one","neutral"
0,1,0,1,0,0,0,0,1,0,0,10,0,0,1,10,12,4,3,3,3,2,0,2,1,4964.036,"wave one","neutral"
0,1,0,1,0,0,0,0,1,0,0,3,0,0,1,10,15,5,4,2,5,1,0,1,1,866.984,"wave one","neutral"
0,0,0,0,1,0,0,1,0,0,1,3,0,1,0,3,3,3,4,4,5,1,1,2,1,367.987,"wave one","dem"
1,0,0,1,0,0,0,0,0,0,1,4,1,0,0,8,8,2,4,4,2,3,1,1,1,405.095,"wave one","dem"
0,0,0,0,1,0,0,1,1,0,0,3,0,0,1,6,7,4,4,4,5,2,0,3,0,933.361,"wave one","neutral"
1,0,0,1,0,0,0,0,0,0,1,3,1,0,0,8,10,5,4,4,5,4,0,2,1,669.058,"wave one","dem"
0,1,0,1,0,0,0,0,0,1,0,3,0,1,0,9,9,4,4,4,4,2,1,1,1,667.005,"wave one","rep"
1,0,0,1,0,0,0,0,1,0,0,3,0,0,1,0,0,3,4,4,3,2,1,1,1,333.081,"wave one","neutral"
0,1,0,1,0,0,0,0,1,0,0,3,0,0,1,9,9,3,4,3,5,1,0,4,0,584.909,"wave one","neutral"
0,0,1,1,0,0,0,0,0,0,1,3,1,0,0,7,7,2,3,4,5,3,0,2,1,447.71,"wave one","dem"
1,0,0,1,0,0,0,0,0,0,1,3,1,0,0,4,7,5,5,5,5,2,1,2,1,477.223,"wave one","dem"
1,0,0,1,0,0,0,0,0,1,0,3,0,1,0,8,8,5,5,5,5,3,1,2,1,384.972,"wave one","rep"
0,1,0,1,0,0,0,0,1,0,0,3,0,0,1,6,6,4,5,5,5,2,0,1,1,633.607,"wave one","neutral"
1,0,0,1,0,0,0,0,0,1,0,3,0,1,0,8,10,5,4,3,3,2,0,2,1,442.337,"wave one","rep"
0,1,0,1,0,0,0,0,0,1,0,3,0,1,0,10,13,4,5,4,5,1,0,2,1,1441.957,"wave one","rep"
